 1.00000000000000E+09, 6.82568167577968E-02,-9.08526774052244E-02,-2.10179744577989E-01,-4.46484620739021E-02,-2.10179744577989E-01,-4.46484620739021E-02,-6.17650816080081E-01,-2.87308402924580E-01
 1.00250000000000E+09, 5.87992762864241E-02,-7.77913329006445E-02,-2.12719014496347E-01,-1.85262124325167E-02,-2.12719014496347E-01,-1.85262124325167E-02,-6.51754402205136E-01,-2.18581258479935E-01
 1.00500000000000E+09, 5.04729991599935E-02,-6.36798075604003E-02,-2.12422193302923E-01, 7.42073705457853E-03,-2.12422193302923E-01, 7.42073705457852E-03,-6.76107693882282E-01,-1.46809060881730E-01
 1.00750000000000E+09, 4.34162712879526E-02,-4.85768670060198E-02,-2.09373730542455E-01, 3.29973340412235E-02,-2.09373730542455E-01, 3.29973340412235E-02,-6.90683386761385E-01,-7.30807770252421E-02
 1.01000000000000E+09, 3.77736189737882E-02,-3.25649491628282E-02,-2.03639993399137E-01, 5.80204749036256E-02,-2.03639993399137E-01, 5.80204749036256E-02,-6.95486600672807E-01, 1.58220328659343E-03
 1.01250000000000E+09, 3.36910114626149E-02,-1.57526925314526E-02,-1.95270235191161E-01, 8.23083662441188E-02,-1.95270235191161E-01, 8.23083662441188E-02,-6.90538484846534E-01, 7.61971548892003E-02
 1.01500000000000E+09, 3.13107303396103E-02, 1.72343202718570E-03,-1.84299671914441E-01, 1.05670844852866E-01,-1.84299671914441E-01, 1.05670844852866E-01,-6.75869784395532E-01, 1.49789878107117E-01
 1.01750000000000E+09, 3.07660021934155E-02, 1.96983433390544E-02,-1.70754482748057E-01, 1.27900646751273E-01,-1.70754482748057E-01, 1.27900646751273E-01,-6.51523948586790E-01, 2.21364623604634E-01
 1.02000000000000E+09, 3.21754551074319E-02, 3.79783984330484E-02,-1.54658732207542E-01, 1.48765660237882E-01,-1.54658732207542E-01, 1.48765660237882E-01,-6.17569777992007E-01, 2.89875272605372E-01
 1.02250000000000E+09, 3.56374311942704E-02, 5.63422651688701E-02,-1.36043356413721E-01, 1.68002320778573E-01,-1.36043356413721E-01, 1.68002320778573E-01,-5.74123991659574E-01, 3.54199194682367E-01
 1.02500000000000E+09, 4.12241674283382E-02, 7.45426541369296E-02,-1.14957446042372E-01, 1.85310504425465E-01,-1.14957446042372E-01, 1.85310504425465E-01,-5.21384338102578E-01, 4.13115760863847E-01
 1.02750000000000E+09, 4.89758508472549E-02, 9.23089985342355E-02,-9.14820657563002E-02, 2.00350549387772E-01,-9.14820657563001E-02, 2.00350549387772E-01,-4.59673839878065E-01, 4.65292355871766E-01
 1.03000000000000E+09, 5.88945726935056E-02, 1.09351241733901E-01,-6.57467312752633E-02, 2.12743372380165E-01,-6.57467312752633E-02, 2.12743372380166E-01,-3.89496271999441E-01, 5.09281858584216E-01
 1.03250000000000E+09, 7.09382656957908E-02, 1.25364976145570E-01,-3.79483624940534E-02, 2.22075015532810E-01,-3.79483624940534E-02, 2.22075015532810E-01,-3.11601804992612E-01, 5.43536808423505E-01
 1.03500000000000E+09, 8.50148292843511E-02, 1.40038257828820E-01,-8.37197858856177E-03, 2.27907288968716E-01,-8.37197858856183E-03, 2.27907288968716E-01,-2.27059653301997E-01, 5.66446562114771E-01
 1.03750000000000E+09, 1.00976846289573E-01, 1.53060466333705E-01, 2.25884519373709E-02, 2.29796332028727E-01, 2.25884519373709E-02, 2.29796332028727E-01,-1.37331385307814E-01, 5.76404166898459E-01
 1.04000000000000E+09, 1.18617574297187E-01, 1.64133535040463E-01, 5.44117394255624E-02, 2.27320700182870E-01, 5.44117394255624E-02, 2.27320700182870E-01,-4.43343270912426E-02, 5.71908676336714E-01
 1.04250000000000E+09, 1.37669225392927E-01, 1.72985673666330E-01, 8.64378205426580E-02, 2.20119738157160E-01, 8.64378205426579E-02, 2.20119738157160E-01, 4.95202476541855E-02, 5.51705273449362E-01
 1.04500000000000E+09, 1.57804846231259E-01, 1.79387272998472E-01, 1.17867907361154E-01, 2.07941282613129E-01, 1.17867907361154E-01, 2.07941282613129E-01, 1.41333449156449E-01, 5.14958993575861E-01
 1.04750000000000E+09, 1.78645227946028E-01, 1.83167994753599E-01, 1.47782032406620E-01, 1.90695074053411E-01, 1.47782032406620E-01, 1.90695074053411E-01, 2.27790090051569E-01, 4.61447850708120E-01
 1.05000000000000E+09, 1.99772017306987E-01, 1.84233177796897E-01, 1.75178546697358E-01, 1.68504946447689E-01, 1.75178546697358E-01, 1.68504946447689E-01, 3.05311134838835E-01, 3.91748976207046E-01
 1.05250000000000E+09, 2.20747394541293E-01, 1.82576857319196E-01, 1.99037029589784E-01, 1.41749760440342E-01, 1.99037029589784E-01, 1.41749760440342E-01, 3.70291467354773E-01, 3.07380244419935E-01
 1.05500000000000E+09, 2.41139302664699E-01, 1.78288265786118E-01, 2.18400862651768E-01, 1.11081538903261E-01, 2.18400862651768E-01, 1.11081538903261E-01, 4.19407584517345E-01, 2.10854948860874E-01
 1.05750000000000E+09, 2.60549504528109E-01, 1.71549072080073E-01, 2.32469380855076E-01, 7.74108443232599E-02, 2.32469380855076E-01, 7.74108443232599E-02, 4.49956457282629E-01, 1.05613819474014E-01
 1.06000000000000E+09, 2.78640258405876E-01, 1.62620043689049E-01, 2.40684128892201E-01, 4.18548740246049E-02, 2.40684128892201E-01, 4.18548740246049E-02, 4.60167503556371E-01,-4.18039464889886E-03
 1.06250000000000E+09, 2.95154832602247E-01, 1.51818091930364E-01, 2.42791869737800E-01, 5.65222840372409E-03, 2.42791869737801E-01, 5.65222840372408E-03, 4.49423766442080E-01,-1.13968784103022E-01
 1.06500000000000E+09, 3.09927907063958E-01, 1.39487101147442E-01, 2.38870324830704E-01,-2.99427669528059E-02, 2.38870324830704E-01,-2.99427669528059E-02, 4.18341979530143E-01,-2.19192868241533E-01
 1.06750000000000E+09, 3.22884062600015E-01, 1.25967621122662E-01, 2.29310778840009E-01,-6.37673744736509E-02, 2.29310778840009E-01,-6.37673744736508E-02, 3.68692302236977E-01,-3.15691278108903E-01
 1.07000000000000E+09, 3.34025333328062E-01, 1.11570711995242E-01, 2.14761953141021E-01,-9.48401773001537E-02, 2.14761953141021E-01,-9.48401773001537E-02, 3.03176725706532E-01,-4.00025796793551E-01
 1.07250000000000E+09, 3.43411179275852E-01, 9.65598941733830E-02, 1.96048156654807E-01,-1.22419291818288E-01, 1.96048156654807E-01,-1.22419291818288E-01, 2.25116395207381E-01,-4.69686809052533E-01
 1.07500000000000E+09, 3.51135419229126E-01, 8.11428624758895E-02, 1.74078753541520E-01,-1.46023776800518E-01, 1.74078753541520E-01,-1.46023776800518E-01, 1.38111877105155E-01,-5.23160937825324E-01
 1.07750000000000E+09, 3.57304433513203E-01, 6.54722839522839E-02, 1.49764769352772E-01,-1.65421584652153E-01, 1.49764769352772E-01,-1.65421584652153E-01, 4.57346747203843E-02,-5.59875548251854E-01
 1.08000000000000E+09, 3.62019677235513E-01, 4.96533640108550E-02, 1.23953486845954E-01,-1.80593262790909E-01, 1.23953486845954E-01,-1.80593262790909E-01,-4.87109958237701E-02,-5.80055905944445E-01
 1.08250000000000E+09, 3.65365895668521E-01, 3.37552360987926E-02, 9.73856499374042E-02,-1.91682686115066E-01, 9.73856499374042E-02,-1.91682686115066E-01,-1.42340625134756E-01,-5.84537622799900E-01
 1.08500000000000E+09, 3.67404990226670E-01, 1.78234668255302E-02, 7.06745543444813E-02,-1.98944985791757E-01, 7.06745543444812E-02,-1.98944985791757E-01,-2.32760192808834E-01,-5.74572139963210E-01
 1.08750000000000E+09, 3.68174556191994E-01, 1.89170102590744E-03, 4.43029572101887E-02,-2.02698955301122E-01, 4.43029572101887E-02,-2.02698955301122E-01,-3.18071540892195E-01,-5.51651813157360E-01
 1.09000000000000E+09, 3.67689733419997E-01,-1.40086748326037E-02, 1.86324489000105E-02,-2.03287960084645E-01, 1.86324489000105E-02,-2.03287960084645E-01,-3.96832934479856E-01,-5.17368886340841E-01
 1.09250000000000E+09, 3.65947041328417E-01,-2.98412469660289E-02,-6.07984881577979E-03,-2.01050662311735E-01,-6.07984881577980E-03,-2.01050662311735E-01,-4.67994239043376E-01,-4.73312572278595E-01
 1.09500000000000E+09, 3.62929125225390E-01,-4.55595682425224E-02,-2.96613641830773E-02,-1.96301055167579E-01,-2.96613641830772E-02,-1.96301055167579E-01,-5.30822102001024E-01,-4.21001835746866E-01
 1.09750000000000E+09, 3.58609669010809E-01,-6.11040680363946E-02,-5.20037760348107E-02,-1.89316349663688E-01,-5.20037760348107E-02,-1.89316349663688E-01,-5.84825732604376E-01,-3.61848096414881E-01
 1.10000000000000E+09, 3.52958034095373E-01,-7.64004224736913E-02,-7.30440192342157E-02,-1.80330955413762E-01,-7.30440192342157E-02,-1.80330955413762E-01,-6.29689600096166E-01,-2.97141079395016E-01
 1.10250000000000E+09, 3.45943423444432E-01,-9.13589469115428E-02,-9.27473912121999E-02,-1.69534897393894E-01,-9.27473912121999E-02,-1.69534897393894E-01,-6.65216146932095E-01,-2.28051494332264E-01
 1.10500000000000E+09, 3.37538535622244E-01,-1.05874645096986E-01,-1.11092953233367E-01,-1.57075311434186E-01,-1.11092953233367E-01,-1.57075311434187E-01,-6.91279498749616E-01,-1.55645356180469E-01
 1.10750000000000E+09, 3.27722777218537E-01,-1.19827641212908E-01,-1.28061063059672E-01,-1.43060027623982E-01,-1.28061063059672E-01,-1.43060027623982E-01,-7.07789972767187E-01,-8.09060664732817E-02
 1.11000000000000E+09, 3.16485159603097E-01,-1.33083812019139E-01,-1.43622704042949E-01,-1.27562608352289E-01,-1.43622704042949E-01,-1.27562608352289E-01,-7.14668702543838E-01,-4.76156783053479E-03
 1.11250000000000E+09, 3.03827033258103E-01,-1.45495518471341E-01,-1.57730234497353E-01,-1.10628523802325E-01,-1.57730234497353E-01,-1.10628523802325E-01,-7.11831690379076E-01, 7.18851677278735E-02
 1.11500000000000E+09, 2.89764821886685E-01,-1.56902409008049E-01,-1.70309231088824E-01,-9.22824142512283E-02,-1.70309231088824E-01,-9.22824142512284E-02,-6.99182900407783E-01, 1.48123404978204E-01
 1.11750000000000E+09, 2.74332916329245E-01,-1.67132333817842E-01,-1.81251218988393E-01,-7.25366078590115E-02,-1.81251218988393E-01,-7.25366078590115E-02,-6.76616496605768E-01, 2.23000417546948E-01
 1.12000000000000E+09, 2.57586877494832E-01,-1.76002476492233E-01,-1.90407263338171E-01,-5.14012373576373E-02,-1.90407263338171E-01,-5.14012373576373E-02,-6.44028924266415E-01, 2.95486511662030E-01
 1.12250000000000E+09, 2.39607075610425E-01,-1.83320882542979E-01,-1.97582646839570E-01,-2.88964240015964E-02,-1.97582646839570E-01,-2.88964240015964E-02,-6.01342152585018E-01, 3.64440408968579E-01
 1.12500000000000E+09, 2.20502852409485E-01,-1.88888648029831E-01,-2.02533189386680E-01,-5.06705219423144E-03,-2.02533189386680E-01,-5.06705219423147E-03,-5.48539938052667E-01, 4.28576883096903E-01
 1.12750000000000E+09, 2.00417219879098E-01,-1.92503127041534E-01,-2.04964188401274E-01, 1.99993988247638E-02,-2.04964188401274E-01, 1.99993988247638E-02,-4.85719271640882E-01, 4.86439828528521E-01
 1.13000000000000E+09, 1.79531984364275E-01,-1.93962617467005E-01,-2.04533467932878E-01, 4.61517393244463E-02,-2.04533467932878E-01, 4.61517393244463E-02,-4.13158975339852E-01, 5.36385767895837E-01
 1.13250000000000E+09, 1.58072984524770E-01,-1.93073070349406E-01,-2.00860577030447E-01, 7.31509643282692E-02,-2.00860577030447E-01, 7.31509643282692E-02,-3.31406320360618E-01, 5.76585125586114E-01
 1.13500000000000E+09, 1.36314834210419E-01,-1.89657397905452E-01,-1.93544657517920E-01, 1.00644376017294E-01,-1.93544657517920E-01, 1.00644376017294E-01,-2.41380022661480E-01, 6.05051140295992E-01
 1.13750000000000E+09, 1.14584161175629E-01,-1.83567859591884E-01,-1.82193680367876E-01, 1.28140565954798E-01,-1.82193680367876E-01, 1.28140565954798E-01,-1.44483458259997E-01, 6.19708388144128E-01
 1.14000000000000E+09, 9.32598650412844E-02,-1.74701686951257E-01,-1.66467261355325E-01, 1.54989790810750E-01,-1.66467261355325E-01, 1.54989790810750E-01,-4.27150627661066E-02, 6.18513290412374E-01
 1.14250000000000E+09, 7.27684935885849E-02,-1.63019460189589E-01,-1.46133631120515E-01, 1.80376408098094E-01,-1.46133631120515E-01, 1.80376408098094E-01, 6.12460394067465E-02, 5.99635793460272E-01
 1.14500000000000E+09, 5.35726714097545E-02,-1.48564711421614E-01,-1.21138107356866E-01, 2.03331746691294E-01,-1.21138107356866E-01, 2.03331746691294E-01, 1.64010372238641E-01, 5.61702415646216E-01
 1.14750000000000E+09, 3.61509240664570E-02,-1.31481880898997E-01,-9.16755158871488E-02, 2.22775927586063E-01,-9.16755158871487E-02, 2.22775927586063E-01, 2.61541420330411E-01, 5.04084527566451E-01
 1.15000000000000E+09, 2.09685444109346E-02,-1.12028426688724E-01,-5.82531965658574E-02, 2.37594283733513E-01,-5.82531965658574E-02, 2.37594283733513E-01, 3.49345632840504E-01, 4.27193053517382E-01
 1.15250000000000E+09, 8.44145622301540E-03,-9.05762198390650E-02,-2.17265137343035E-02, 2.46747086399926E-01,-2.17265137343035E-02, 2.46747086399926E-01, 4.22804654261747E-01, 3.32717317382136E-01
 1.15500000000000E+09,-1.10204020517246E-03,-6.75981325253906E-02, 1.67117743852927E-02, 2.49400695192050E-01, 1.67117743852926E-02, 2.49400695192050E-01, 4.77630324706895E-01, 2.23732240360437E-01
 1.15750000000000E+09,-7.45424040793063E-03,-4.36384552095137E-02, 5.56005088386860E-02, 2.45056924028512E-01, 5.56005088386860E-02, 2.45056924028511E-01, 5.10377867525009E-01, 1.04607264437181E-01
 1.16000000000000E+09,-1.05476525060325E-02,-1.92701228520387E-02, 9.33358678312745E-02, 2.33650517293104E-01, 9.33358678312745E-02, 2.33650517293104E-01, 5.18914299139729E-01,-1.93106847710976E-02
 1.16250000000000E+09,-1.04554001772744E-02, 4.95376774855041E-03, 1.28334730155331E-01, 2.15587264098930E-01, 1.28334730155331E-01, 2.15587264098930E-01, 5.02728722892279E-01,-1.42206179193840E-01
 1.16500000000000E+09,-7.37141611649525E-03, 2.85440931072231E-02, 1.59202654913412E-01, 1.91708908919687E-01, 1.59202654913412E-01, 1.91708908919687E-01, 4.63001705377167E-01,-2.58400560763714E-01
 1.16750000000000E+09,-1.57514819812155E-03, 5.11062989350832E-02, 1.84870229271731E-01, 1.63191269389564E-01, 1.84870229271731E-01, 1.63191269389564E-01, 4.02415405987345E-01,-3.62924732011261E-01
 1.17000000000000E+09, 6.61041098917797E-03, 7.23524062958255E-02, 2.04671121365122E-01, 1.31400308945601E-01, 2.04671121365122E-01, 1.31400308945601E-01, 3.24758239162409E-01,-4.51942754085303E-01
 1.17250000000000E+09, 1.68577878224094E-02, 9.20949303393073E-02, 2.18353157414001E-01, 9.77396131330959E-02, 2.18353157414001E-01, 9.77396131330960E-02, 2.34426802657345E-01,-5.22960379794675E-01
 1.17500000000000E+09, 2.88640628204616E-02, 1.10227766885162E-01, 2.26031916635414E-01, 6.35194068085784E-02, 2.26031916635414E-01, 6.35194068085784E-02, 1.35936621030892E-01,-5.74817310957444E-01
 1.17750000000000E+09, 4.23668810979686E-02, 1.26701112061111E-01, 2.28107781677783E-01, 2.98655086660767E-02, 2.28107781677783E-01, 2.98655086660767E-02, 3.35263774268348E-02,-6.07513268843817E-01
 1.18000000000000E+09, 5.71483165248324E-02, 1.41496888782100E-01, 2.25169784766573E-01,-2.32717725067760E-03, 2.25169784766573E-01,-2.32717725067758E-03,-6.91033864323439E-02,-6.21941151769086E-01
 1.18250000000000E+09, 7.30298689108639E-02, 1.54608982385511E-01, 2.17905027090222E-01,-3.24026476574810E-02, 2.17905027090222E-01,-3.24026476574810E-02,-1.68916758625478E-01,-6.19596858404335E-01
 1.18500000000000E+09, 8.98625811093587E-02, 1.66030089151643E-01, 2.07024880348615E-01,-5.99245843558652E-02, 2.07024880348615E-01,-5.99245843558652E-02,-2.63559889932492E-01,-6.02315750047362E-01
 1.18750000000000E+09, 1.07515746068502E-01, 1.75745015380420E-01, 1.93212003002585E-01,-8.46418711010933E-02, 1.93212003002585E-01,-8.46418711010932E-02,-3.51305036724665E-01,-5.72062301898542E-01
 1.19000000000000E+09, 1.25866596319132E-01, 1.83729135910903E-01, 1.77087173091767E-01,-1.06448577847728E-01, 1.77087173091767E-01,-1.06448577847728E-01,-4.30954992052139E-01,-5.30780202701955E-01
 1.19250000000000E+09, 1.44792252458898E-01, 1.89950336154289E-01, 1.59192321027335E-01,-1.25344976644758E-01, 1.59192321027335E-01,-1.25344976644758E-01,-5.01733899381382E-01,-4.80297916991736E-01
 1.19500000000000E+09, 1.64164329181168E-01, 1.94372864035367E-01, 1.39985391178577E-01,-1.41403210560150E-01, 1.39985391178577E-01,-1.41403210560150E-01,-5.63181394743893E-01,-4.22278993544258E-01
 1.19750000000000E+09, 1.83846031562525E-01, 1.96961854563630E-01, 1.19843015423146E-01,-1.54739042557409E-01, 1.19843015423146E-01,-1.54739042557409E-01,-6.15059289068680E-01,-3.58205217947185E-01
 1.20000000000000E+09, 2.03691281615544E-01, 1.97687682044962E-01, 9.90678188459621E-02,-1.65489728220951E-01, 9.90678188459620E-02,-1.65489728220951E-01,-6.57274483077241E-01,-2.89382026431621E-01
 1.20250000000000E+09, 2.23545316707194E-01, 1.96529646263473E-01, 7.78980987647568E-02,-1.73797329988195E-01, 7.78980987647567E-02,-1.73797329988195E-01,-6.89818420753671E-01,-2.16957907401548E-01
 1.20500000000000E+09, 2.43246220703031E-01, 1.93478771889725E-01, 5.65184240826387E-02,-1.79796512546136E-01, 5.65184240826386E-02,-1.79796512546136E-01,-7.12721651910186E-01,-1.41951911772869E-01
 1.20750000000000E+09, 2.62626927536673E-01, 1.88539691926977E-01, 3.50703256619952E-02,-1.83605847963087E-01, 3.50703256619952E-02,-1.83605847963087E-01,-7.26021453238176E-01,-6.52854410073875E-02
 1.21000000000000E+09, 2.81517337643228E-01, 1.81731708855187E-01, 1.36626935676938E-02,-1.85321786248047E-01, 1.36626935676938E-02,-1.85321786248047E-01,-7.29740511945311E-01, 1.21839573898669E-02
 1.21250000000000E+09, 2.99746289070528E-01, 1.73089198383806E-01,-7.61820432281735E-03,-1.85014633726185E-01,-7.61820432281730E-03,-1.85014633726186E-01,-7.23875102415568E-01, 8.96279760458212E-02
 1.21500000000000E+09, 3.17143217188371E-01, 1.62661556433739E-01,-2.86989790710410E-02,-1.82726087071976E-01,-2.86989790710411E-02,-1.82726087071976E-01,-7.08391797036957E-01, 1.66212643729444E-01
 1.21750000000000E+09, 3.33539417033074E-01, 1.50512902997529E-01,-4.95094408743401E-02,-1.78468079147310E-01,-4.95094408743401E-02,-1.78468079147310E-01,-6.83232442482276E-01, 2.41063359391113E-01
 1.22000000000000E+09, 3.48768892033912E-01, 1.36721756008128E-01,-6.99727240595673E-02,-1.72222902518939E-01,-6.99727240595674E-02,-1.72222902518939E-01,-6.48327843798503E-01, 3.13230120915023E-01
 1.22250000000000E+09, 3.62668836223808E-01, 1.21380879673842E-01,-8.99949683534728E-02,-1.63944792804663E-01,-8.99949683534728E-02,-1.63944792804663E-01,-6.03621285547114E-01, 3.81653566249936E-01
 1.22500000000000E+09, 3.75079859346109E-01, 1.04597496499857E-01,-1.09454383672669E-01,-1.53563381865027E-01,-1.09454383672669E-01,-1.53563381865027E-01,-5.49103618379711E-01, 4.45133178161627E-01
 1.22750000000000E+09, 3.85846130980097E-01, 8.64940278437123E-02,-1.28189689859406E-01,-1.40989668191795E-01,-1.28189689859406E-01,-1.40989668191795E-01,-4.84862035057212E-01, 5.02300174719613E-01
 1.23000000000000E+09, 3.94815694955995E-01, 6.72094869822671E-02,-1.45988210926934E-01,-1.26125380100561E-01,-1.45988210926934E-01,-1.26125380100561E-01,-4.11144647161468E-01, 5.51599276201314E-01
 1.23250000000000E+09, 4.01841288949219E-01, 4.69015786110065E-02,-1.62574358270458E-01,-1.08876778996555E-01,-1.62574358270458E-01,-1.08876778996555E-01,-3.28442223833814E-01, 5.91285703235079E-01
 1.23500000000000E+09, 4.06782088093048E-01, 2.57494418912438E-02,-1.77599894441338E-01,-8.91739734531360E-02,-1.77599894441338E-01,-8.91739734531359E-02,-2.37586499712881E-01, 6.19446253531821E-01
 1.23750000000000E+09, 4.09506853584619E-01, 3.95679134557669E-03,-1.90638226369043E-01,-6.69965418452660E-02,-1.90638226369043E-01,-6.69965418452660E-02,-1.39860741480178E-01, 6.34055638288669E-01
 1.24000000000000E+09, 4.09898965244137E-01,-1.82450514173053E-02,-2.01185943025552E-01,-4.24054898130040E-02,-2.01185943025552E-01,-4.24054898130040E-02,-3.71123029891688E-02, 6.33080440230812E-01
 1.24250000000000E+09, 4.07863685858560E-01,-4.05950713469917E-02,-2.08675637173169E-01,-1.55800855444860E-02,-2.08675637173169E-01,-1.55800855444860E-02, 6.81513176777572E-02, 6.14641451739394E-01
 1.24500000000000E+09, 4.03337666864189E-01,-6.28025942225935E-02,-2.12504263303582E-01, 1.31441911653210E-02,-2.12504263303582E-01, 1.31441911653210E-02, 1.72710810273306E-01, 5.77238618766791E-01
 1.24750000000000E+09, 3.96300101130606E-01,-8.45508364426437E-02,-2.12080205915066E-01, 4.32432912932392E-02,-2.12080205915066E-01, 4.32432912932392E-02, 2.72663384194460E-01, 5.20029379863909E-01
 1.25000000000000E+09, 3.86784083134002E-01,-1.05505262890519E-01,-2.06889169281943E-01, 7.39873765994542E-02,-2.06889169281943E-01, 7.39873765994543E-02, 3.63567753811077E-01, 4.43130542611076E-01
 1.25250000000000E+09, 3.74885833380457E-01,-1.25327399713454E-01,-1.96573693761453E-01, 1.04449623111394E-01,-1.96573693761453E-01, 1.04449623111394E-01, 4.40730661138365E-01, 3.47889448332255E-01
 1.25500000000000E+09, 3.60768864998040E-01,-1.43693454619570E-01,-1.81014368923750E-01, 1.33549986045678E-01,-1.81014368923750E-01, 1.33549986045678E-01, 4.99631042865636E-01, 2.37050798880631E-01
 1.25750000000000E+09, 3.44660410778060E-01,-1.60315349301498E-01,-1.60394960089800E-01, 1.60136367983200E-01,-1.60394960089800E-01, 1.60136367983200E-01, 5.36434710717390E-01, 1.14743922094884E-01
 1.26000000000000E+09, 3.26838832235179E-01,-1.74960165251736E-01,-1.35232054442927E-01, 1.83095182040072E-01,-1.35232054442927E-01, 1.83095182040072E-01, 5.48507640776229E-01,-1.37576924943652E-02
 1.26250000000000E+09, 3.07613142626846E-01,-1.87463393993375E-01,-1.06355192094704E-01, 2.01472181487111E-01,-1.06355192094704E-01, 2.01472181487111E-01, 5.34810772282501E-01,-1.42497124821798E-01
 1.26500000000000E+09, 2.87298377390879E-01,-1.97732401321201E-01,-7.48356008284865E-02, 2.14577750764788E-01,-7.48356008284865E-02, 2.14577750764788E-01, 4.96072449211965E-01,-2.65440248465398E-01
 1.26750000000000E+09, 2.66192157290451E-01,-2.05739062083198E-01,-4.18764737491645E-02, 2.22052783208985E-01,-4.18764737491645E-02, 2.22052783208985E-01, 4.34688999067703E-01,-3.77102557316753E-01
 1.27000000000000E+09, 2.44557553545260E-01,-2.11503629305454E-01,-8.68882160224673E-03, 2.23881994020172E-01,-8.68882160224672E-03, 2.23881994020172E-01, 3.54379842298000E-01,-4.73063640983820E-01
 1.27250000000000E+09, 2.22615338206249E-01,-2.15074227614704E-01, 2.36206093248011E-02, 2.20356558826315E-01, 2.36206093248011E-02, 2.20356558826315E-01, 2.59688415119075E-01,-5.50274761336352E-01
 1.27500000000000E+09, 2.00545848479120E-01,-2.16506995771317E-01, 5.41294384107390E-02, 2.12000794940328E-01, 5.41294384107390E-02, 2.12000794940328E-01, 1.55447999944626E-01,-6.07130646162412E-01
 1.27750000000000E+09, 1.78498251095238E-01,-2.15850854880310E-01, 8.21394978954233E-02, 1.99483537251457E-01, 8.21394978954233E-02, 1.99483537251457E-01, 4.63171364193551E-02,-6.43339636158291E-01
 1.28000000000000E+09, 1.56603763960241E-01,-2.13138909303513E-01, 1.07179427309481E-01, 1.83533284074607E-01, 1.07179427309481E-01, 1.83533284074607E-01,-6.35524726601381E-02,-6.59664110228619E-01
 1.28250000000000E+09, 1.34989447518444E-01,-2.08386534368454E-01, 1.28980143510673E-01, 1.64869815844111E-01, 1.28980143510673E-01, 1.64869815844111E-01,-1.70699443614329E-01,-6.57609948077927E-01
 1.28500000000000E+09, 1.13790060968319E-01,-2.01594883041657E-01, 1.47435417510055E-01, 1.44157509654448E-01, 1.47435417510055E-01, 1.44157509654448E-01,-2.72406522740945E-01,-6.39128045972978E-01
 1.28750000000000E+09, 9.31566077882237E-02,-1.92757997412808E-01, 1.62558170487631E-01, 1.21979653518156E-01, 1.62558170487631E-01, 1.21979653518156E-01,-3.66660994492118E-01,-6.06365992721210E-01
 1.29000000000000E+09, 7.32611574037656E-02,-1.81871758211217E-01, 1.74439774626505E-01, 9.88297010266495E-02, 1.74439774626506E-01, 9.88297010266496E-02,-4.52060171271932E-01,-5.61484737177377E-01
 1.29250000000000E+09, 5.42981582597406E-02,-1.68943261145062E-01, 1.83216236161377E-01, 7.51143273613047E-02, 1.83216236161377E-01, 7.51143273613048E-02,-5.27693750641339E-01,-5.06538741702210E-01
 1.29500000000000E+09, 3.64827676586925E-02,-1.53999637157834E-01, 1.89042506995038E-01, 5.11635402519300E-02, 1.89042506995038E-01, 5.11635402519301E-02,-5.93025018452006E-01,-4.43409399403759E-01
 1.29750000000000E+09, 2.00468127278579E-02,-1.37095701596165E-01, 1.92074528768292E-01, 2.72441628844289E-02, 1.92074528768292E-01, 2.72441628844288E-02,-6.47783675348261E-01,-3.73778650413848E-01
 1.30000000000000E+09, 5.23296897862791E-03,-1.18320080275294E-01, 1.92457810251226E-01, 3.57418695068988E-03, 1.92457810251226E-01, 3.57418695068984E-03,-6.91876095443194E-01,-2.99130437222756E-01
 1.30250000000000E+09,-7.71232539490624E-03,-9.77996269160190E-02, 1.90321108849388E-01,-1.96634928648155E-02, 1.90321108849388E-01,-1.96634928648155E-02,-7.25314328447080E-01,-2.20769965193561E-01
 1.30500000000000E+09,-1.85467675058494E-02,-7.57020459910056E-02, 1.85773883304372E-01,-4.23087014108530E-02, 1.85773883304372E-01,-4.23087014108530E-02,-7.48162704496023E-01,-1.39853436455893E-01
 1.30750000000000E+09,-2.70404964145971E-02,-5.22366987368149E-02, 1.78906430538541E-01,-6.42132040041192E-02, 1.78906430538541E-01,-6.42132040041193E-02,-7.60499891067143E-01,-5.74233530410864E-02
 1.31000000000000E+09,-3.29844363579925E-02,-2.76536214451229E-02, 1.69791909005930E-01,-8.52314727735821E-02, 1.69791909005931E-01,-8.52314727735821E-02,-7.62394145443809E-01, 2.55536146526527E-02
 1.31250000000000E+09,-3.61983285895549E-02,-2.24083750466164E-03, 1.58489730724133E-01,-1.05212798417064E-01, 1.58489730724133E-01,-1.05212798417064E-01,-7.53889910461992E-01, 1.08147862678326E-01
 1.31500000000000E+09,-3.65381318194511E-02, 2.36798980460678E-02, 1.45050053946818E-01,-1.23994503980962E-01, 1.45050053946818E-01,-1.23994503980962E-01,-7.35004561968663E-01, 1.89428038621689E-01
 1.31750000000000E+09,-3.39025126635342E-02, 4.97587240291589E-02, 1.29519324156187E-01,-1.41396049806839E-01, 1.29519324156187E-01,-1.41396049806839E-01,-7.05734883127212E-01, 2.68422650425491E-01
 1.32000000000000E+09,-2.82382077023267E-02, 7.56244199222781E-02, 1.11946993420196E-01,-1.57213914812844E-01, 1.11946993420196E-01,-1.57213914812844E-01,-6.66073622981404E-01, 3.44082604649599E-01
 1.32250000000000E+09,-1.95441172990949E-02, 1.00891992483920E-01, 9.23936943776496E-02,-1.71217298465033E-01, 9.23936943776496E-02,-1.71217298465033E-01,-6.16037222715932E-01, 4.15245612412285E-01
 1.32500000000000E+09,-7.87408129863335E-03, 1.25170818210081E-01, 7.09412423895602E-02,-1.83144917493951E-01, 7.09412423895602E-02,-1.83144917493951E-01,-5.55706370452571E-01, 4.80604263670904E-01
 1.32750000000000E+09, 6.66162551878041E-03, 1.48073093967338E-01, 4.77048590863004E-02,-1.92703480336724E-01, 4.77048590863004E-02,-1.92703480336724E-01,-4.85281322394646E-01, 5.38680909149592E-01
 1.33000000000000E+09, 2.38959746869720E-02, 1.69222426257426E-01, 2.28479030644908E-02,-1.99568810535181E-01, 2.28479030644908E-02,-1.99568810535180E-01,-4.05153655778293E-01, 5.87814326790432E-01
 1.33250000000000E+09, 4.36059194172734E-02, 1.88262502649948E-01,-3.40091386926533E-03,-2.03391033374178E-01,-3.40091386926540E-03,-2.03391033374178E-01,-3.15994924396879E-01, 6.26165410337537E-01
 1.33500000000000E+09, 6.55141147209579E-02, 2.04865916031422E-01,-3.07284434642355E-02,-2.03805664996034E-01,-3.07284434642355E-02,-2.03805664996034E-01,-2.18860082329847E-01, 6.51751507173891E-01
 1.33750000000000E+09, 8.92916981486252E-02, 2.18743313880869E-01,-5.87177385713405E-02,-2.00452699204911E-01,-5.87177385713405E-02,-2.00452699204911E-01,-1.15299015974809E-01, 6.62520875292777E-01
 1.34000000000000E+09, 1.14562445295839E-01, 2.29653060497022E-01,-8.68313617912073E-02,-1.93005620915869E-01,-8.68313617912072E-02,-1.93005620915869E-01,-7.46279330998134E-03, 6.56478808736797E-01
 1.34250000000000E+09, 1.40908909224129E-01, 2.37411454693713E-01,-1.14401937537549E-01,-1.81211338699175E-01,-1.14401937537549E-01,-1.81211338699175E-01, 1.01817297989168E-01, 6.31873507586665E-01
 1.34500000000000E+09, 1.67881409717804E-01, 2.41903170676094E-01,-1.40635993453959E-01,-1.64939964413546E-01,-1.40635993453959E-01,-1.64939964413546E-01, 2.09008469936690E-01, 5.87440707539492E-01
 1.34750000000000E+09, 1.95010793782244E-01, 2.43090970098902E-01,-1.64637698210791E-01,-1.44240018438717E-01,-1.64637698210791E-01,-1.44240018438717E-01, 3.09948550155556E-01, 5.22690118975451E-01
 1.35000000000000E+09, 2.21825539275928E-01, 2.41022971206831E-01,-1.85457712829853E-01,-1.19390382244011E-01,-1.85457712829853E-01,-1.19390382244011E-01, 4.00043371793085E-01, 4.38194946183677E-01
 1.35250000000000E+09, 2.47872865852854E-01, 2.35835129861458E-01,-2.02168120027629E-01,-9.09363905139438E-02,-2.02168120027629E-01,-9.09363905139438E-02, 4.74603367157998E-01, 3.35823519683492E-01
 1.35500000000000E+09, 2.72742099945675E-01, 2.27746506599275E-01,-2.13957245291943E-01,-5.96959330746887E-02,-2.13957245291943E-01,-5.96959330746887E-02, 5.29299487688322E-01, 2.18839488273746E-01
 1.35750000000000E+09, 2.96086999700444E-01, 2.17045760929246E-01,-2.20229757398310E-01,-2.67245295784482E-02,-2.20229757398310E-01,-2.67245295784482E-02, 5.60675221420288E-01, 9.18060095982447E-02
 1.36000000000000E+09, 3.17642781437589E-01, 2.04069209509105E-01,-2.20691107863691E-01, 6.76306848940173E-03,-2.20691107863691E-01, 6.76306848940174E-03, 5.66614383422962E-01,-3.97333058260435E-02
 1.36250000000000E+09, 3.37233915966401E-01, 1.89173225083189E-01,-2.15394983931908E-01, 3.95049614880821E-02,-2.15394983931908E-01, 3.95049614880821E-02, 5.46653600004823E-01,-1.69764578856741E-01
 1.36500000000000E+09, 3.54770627120779E-01, 1.72705754971067E-01,-2.04739925066792E-01, 7.03168429488421E-02,-2.04739925066792E-01, 7.03168429488421E-02, 5.02056686619367E-01,-2.92412636667076E-01
 1.36750000000000E+09, 3.70234879669134E-01, 1.54982303856258E-01,-1.89414646631041E-01, 9.82033953791560E-02,-1.89414646631041E-01, 9.82033953791560E-02, 4.35629782657273E-01,-4.02522478056287E-01
 1.37000000000000E+09, 3.83659331644588E-01, 1.36270481630515E-01,-1.70305550784341E-01, 1.22434302637535E-01,-1.70305550784341E-01, 1.22434302637535E-01, 3.51326888668015E-01,-4.96096147602873E-01
 1.37250000000000E+09, 3.95104132164173E-01, 1.16784700634985E-01,-1.48388553647688E-01, 1.42573944287848E-01,-1.48388553647688E-01, 1.42573944287848E-01, 2.53745634763487E-01,-5.70515772710895E-01
 1.37500000000000E+09, 4.04636146538720E-01, 9.66899380091455E-02,-1.24627836932135E-01, 1.58466932751838E-01,-1.24627836932135E-01, 1.58466932751838E-01, 1.47624920137731E-01,-6.24546977329484E-01
 1.37750000000000E+09, 4.12313606253153E-01, 7.61116772398454E-02,-9.98977439555234E-02, 1.70191474040644E-01,-9.98977439555234E-02, 1.70191474040644E-01, 3.74320371887506E-02,-6.58169356619096E-01
 1.38000000000000E+09, 4.18177187368804E-01, 5.51486210303421E-02,-7.49347428052722E-02, 1.77996434343349E-01,-7.49347428052722E-02, 1.77996434343349E-01,-7.29155926882347E-02,-6.72306433162047E-01
 1.38250000000000E+09, 4.22246897223313E-01, 3.38853012557211E-02,-5.03181307668081E-02, 1.82236504292937E-01,-5.03181307668081E-02, 1.82236504292937E-01,-1.80190225530645E-01,-6.68526219536651E-01
 1.38500000000000E+09, 4.24523261836332E-01, 1.24027598269978E-02,-2.64731232489687E-02, 1.83315341081481E-01,-2.64731232489687E-02, 1.83315341081481E-01,-2.81879087753861E-01,-6.48765167570470E-01
 1.38750000000000E+09, 4.24991117234420E-01,-9.21346837475900E-03,-3.68833394518660E-03, 1.81641522123770E-01,-3.68833394518658E-03, 1.81641522123770E-01,-3.76130741692848E-01,-6.15104879427796E-01
 1.39000000000000E+09, 4.23624567996863E-01,-3.08680600075159E-02, 1.78595973943223E-02, 1.77598139918639E-01, 1.78595973943224E-02, 1.77598139918639E-01,-4.61657377375919E-01,-5.69610904302400E-01
 1.39250000000000E+09, 4.20392116812157E-01,-5.24528520369862E-02, 3.80795998642289E-02, 1.71524432129850E-01, 3.80795998642289E-02, 1.71524432129850E-01,-5.37620551229635E-01,-5.14229721497862E-01
 1.39500000000000E+09, 4.15261402072422E-01,-7.38454425700732E-02, 5.69413232101233E-02, 1.63706800075041E-01, 5.69413232101233E-02, 1.63706800075041E-01,-6.03518770115191E-01,-4.50733462247966E-01
 1.39750000000000E+09, 4.08203316493664E-01,-9.49088809042886E-02, 7.44534974447494E-02, 1.54376472338747E-01, 7.44534974447493E-02, 1.54376472338747E-01,-6.59087247753617E-01,-3.80700222413697E-01
 1.40000000000000E+09, 3.99195499423753E-01,-1.15491997964076E-01, 9.06459813542771E-02, 1.43711473422380E-01, 9.06459813542771E-02, 1.43711473422380E-01,-7.04214248033977E-01,-3.05518909471838E-01
 1.40250000000000E+09, 3.88225316636493E-01,-1.35430064222702E-01, 1.05555284034445E-01, 1.31841139874053E-01, 1.05555284034445E-01, 1.31841139874053E-01,-7.38874712171298E-01,-2.26409851059490E-01
 1.40500000000000E+09, 3.75292493227790E-01,-1.54545586935048E-01, 1.19213001991539E-01, 1.18852004148913E-01, 1.19213001991539E-01, 1.18852004148913E-01,-7.63079906018219E-01,-1.44454874734998E-01
 1.40750000000000E+09, 3.60411574850769E-01,-1.72649159806215E-01, 1.31636506308620E-01, 1.04794358423410E-01, 1.31636506308620E-01, 1.04794358423410E-01,-7.76841084646065E-01,-6.06327492678311E-02
 1.41000000000000E+09, 3.43614379977417E-01,-1.89540355821031E-01, 1.42821244955795E-01, 8.96891980413035E-02, 1.42821244955795E-01, 8.96891980413035E-02,-7.80145199136231E-01, 2.41424263682782E-02
 1.41250000000000E+09, 3.24952583672037E-01,-2.05008713133991E-01, 1.52734133055252E-01, 7.35355390443500E-02, 1.52734133055252E-01, 7.35355390443500E-02,-7.72941143560765E-01, 1.08981106921718E-01
 1.41500000000000E+09, 3.04500547815862E-01,-2.18834911738839E-01, 1.61307656854700E-01, 5.63183280878106E-02, 1.61307656854700E-01, 5.63183280878105E-02,-7.55135758405405E-01, 1.92976944471911E-01
 1.41750000000000E+09, 2.82358485375842E-01,-2.30792282125335E-01, 1.68434506080584E-01, 3.80173356240261E-02, 1.68434506080584E-01, 3.80173356240261E-02,-7.26599657824608E-01, 2.75164361412748E-01
 1.42000000000000E+09, 2.58656014850708E-01,-2.40648832418788E-01, 1.73962781328797E-01, 1.86175549590267E-02, 1.73962781328797E-01, 1.86175549590267E-02,-6.87183867581161E-01, 3.54475313784177E-01
 1.42250000000000E+09, 2.33556119490173E-01,-2.48170032208786E-01, 1.77692116078904E-01,-1.87828377398800E-03, 1.77692116078904E-01,-1.87828377398795E-03,-6.36749190585322E-01, 4.29696046815845E-01
 1.42500000000000E+09, 2.07259464280883E-01,-2.53122651444191E-01, 1.79371429288653E-01,-2.34344598471016E-02, 1.79371429288653E-01,-2.34344598471016E-02,-5.75211061641362E-01, 4.99425727998029E-01
 1.42750000000000E+09, 1.80008927481472E-01,-2.55280018634725E-01, 1.78699501898377E-01,-4.59637518017022E-02, 1.78699501898377E-01,-4.59637518017022E-02,-5.02603224403877E-01, 5.62040597897995E-01
 1.43000000000000E+09, 1.52094053782427E-01,-2.54429122573369E-01, 1.75330144539212E-01,-6.93054755880275E-02, 1.75330144539212E-01,-6.93054755880274E-02,-4.19163518316984E-01, 6.15669822557638E-01
 1.43250000000000E+09, 1.23854912457292E-01,-2.50380009314335E-01, 1.68884338828466E-01,-9.32005351113857E-02, 1.68884338828466E-01,-9.32005351113858E-02,-3.25443841006654E-01, 6.58192565464373E-01
 1.43500000000000E+09, 9.56845321550418E-02,-2.42977872114841E-01, 1.58972240650070E-01,-1.17265092740191E-01, 1.58972240650070E-01,-1.17265092740191E-01,-2.22443152939845E-01, 6.87269618876423E-01
 1.43750000000000E+09, 6.80286940554780E-02,-2.32118019439727E-01, 1.45228033617185E-01,-1.40966206737009E-01, 1.45228033617185E-01,-1.40966206737009E-01,-1.11756280046709E-01, 7.00426348218598E-01
 1.44000000000000E+09, 4.13814595629942E-02,-2.17763435230642E-01, 1.27359836406841E-01,-1.63605080171853E-01, 1.27359836406841E-01,-1.63605080171853E-01, 4.27846367096341E-03, 6.95204888973347E-01
 1.44250000000000E+09, 1.62745393581267E-02,-1.99963824831900E-01, 1.05214585840444E-01,-1.84316044673477E-01, 1.05214585840444E-01,-1.84316044673477E-01, 1.22462878435771E-01, 6.69399577714758E-01
 1.44500000000000E+09,-6.74125830814137E-03,-1.78873858547303E-01, 7.88535144088268E-02,-2.02091129382897E-01, 7.88535144088268E-02,-2.02091129382897E-01, 2.38697671318455E-01, 6.21376918751390E-01
 1.44750000000000E+09,-2.71233891578384E-02,-1.54766968960463E-01, 4.86275674393621E-02,-2.15839470589194E-01, 4.86275674393621E-02,-2.15839470589194E-01, 3.48069346142900E-01, 5.50457374503050E-01
 1.45000000000000E+09,-4.43727517728966E-02,-1.28040022528107E-01, 1.52351675786287E-02,-2.24486048209951E-01, 1.52351675786287E-02,-2.24486048209951E-01, 4.45112958859640E-01, 4.57302396750321E-01
 1.45250000000000E+09,-5.80728970065955E-02,-9.92042578711583E-02,-2.02598488185133E-02,-2.27104232183897E-01,-2.02598488185133E-02,-2.27104232183897E-01, 5.24270035249686E-01, 3.44215536129575E-01
 1.45500000000000E+09,-6.79265343487691E-02,-6.88598412084477E-02,-5.64703562500926E-02,-2.23062758549172E-01,-5.64703562500926E-02,-2.23062758549172E-01, 5.80506732167762E-01, 2.15248878414070E-01
 1.45750000000000E+09,-7.37809374847631E-02,-3.76553913333314E-02,-9.17967803817001E-02,-2.12154965363817E-01,-9.17967803817001E-02,-2.12154965363817E-01, 6.09989860480493E-01, 7.60256243146253E-02
 1.46000000000000E+09,-7.56349789013852E-02,-6.23881666373893E-03,-1.24595278904467E-01,-1.94673760488710E-01,-1.24595278904467E-01,-1.94673760488710E-01, 6.10666690686527E-01,-6.67448544644056E-02
 1.46250000000000E+09,-7.36249165935104E-02, 2.47904132466877E-02,-1.53370596894427E-01,-1.71405469472424E-01,-1.53370596894427E-01,-1.71405469472424E-01, 5.82591839899354E-01,-2.05987987971498E-01
 1.46500000000000E+09,-6.79923271556694E-02, 5.49170883442866E-02,-1.76948943360193E-01,-1.43538256385700E-01,-1.76948943360193E-01,-1.43538256385700E-01, 5.27905569784342E-01,-3.35065409444419E-01
 1.46750000000000E+09,-5.90429090964634E-02, 8.37274167606682E-02,-1.94590885283430E-01,-1.12507017884941E-01,-1.94590885283430E-01,-1.12507017884941E-01, 4.50471935879684E-01,-4.48471365181115E-01
 1.47000000000000E+09,-4.71067266642640E-02, 1.10906910460684E-01,-2.06023999473390E-01,-7.98142689664822E-02,-2.06023999473390E-01,-7.98142689664822E-02, 3.55284881991781E-01,-5.42279392741050E-01
 1.47250000000000E+09,-3.25082489614442E-02, 1.36224007860214E-01,-2.11400062034670E-01,-4.68681956122510E-02,-2.11400062034670E-01,-4.68681956122509E-02, 2.47801145968105E-01,-6.14283041396542E-01
 1.47500000000000E+09,-1.55498619117596E-02, 1.59507222923750E-01,-2.11200495072319E-01,-1.48664789060365E-02,-2.11200495072319E-01,-1.48664789060365E-02, 1.33346750575335E-01,-6.63866018471604E-01
 1.47750000000000E+09, 3.49213948953973E-03, 1.80623099089999E-01,-2.06120535738806E-01, 1.52640359695762E-02,-2.06120535738806E-01, 1.52640359695762E-02, 1.66882383754200E-02,-6.91694838022066E-01
 1.48000000000000E+09, 2.43629676213285E-02, 1.99459626131010E-01,-1.96958281379605E-01, 4.28776200093704E-02,-1.96958281379605E-01, 4.28776200093704E-02,-9.82057857618072E-02,-6.99339607749404E-01
 1.48250000000000E+09, 4.68207782568363E-02, 2.15916720560131E-01,-1.84524785856285E-01, 6.75843753993694E-02,-1.84524785856285E-01, 6.75843753993694E-02,-2.08236723218724E-01,-6.88907668643730E-01
 1.48500000000000E+09, 7.06279034507374E-02, 2.29903057747443E-01,-1.69581179523956E-01, 8.92054770823268E-02,-1.69581179523956E-01, 8.92054770823269E-02,-3.11129587613045E-01,-6.62740453662465E-01
 1.48750000000000E+09, 9.55441889429283E-02, 2.41337368661118E-01,-1.52801470869739E-01, 1.07722165035444E-01,-1.52801470869739E-01, 1.07722165035444E-01,-4.05318609567115E-01,-6.23192178283593E-01
 1.49000000000000E+09, 1.21323342652642E-01, 2.50152098536807E-01,-1.34755921480611E-01, 1.23227230886414E-01,-1.34755921480611E-01, 1.23227230886414E-01,-4.89805648536254E-01,-5.72487320124449E-01
 1.49250000000000E+09, 1.47712204841392E-01, 2.56297677914108E-01,-1.15908896400756E-01, 1.35883567044995E-01,-1.15908896400756E-01, 1.35883567044996E-01,-5.64018764197669E-01,-5.12642876661133E-01
 1.49500000000000E+09, 1.74452308176005E-01, 2.59746222114217E-01,-9.66257164893262E-02, 1.45891300593656E-01,-9.66257164893262E-02, 1.45891300593656E-01,-6.27686124369246E-01,-4.45438321233895E-01
 1.49750000000000E+09, 2.01282910319861E-01, 2.60494025558851E-01,-7.71843145426156E-02, 1.53463197539057E-01,-7.71843145426155E-02, 1.53463197539057E-01,-6.80731535962411E-01,-3.72417621858000E-01
 1.50000000000000E+09, 2.27944719914559E-01, 2.58562647562724E-01,-5.77888295893035E-02, 1.58807134186496E-01,-5.77888295893035E-02, 1.58807134186496E-01,-7.23192377074150E-01,-2.94911006461105E-01
 1.50250000000000E+09, 2.54183685773763E-01, 2.53998673247656E-01,-3.85833887217067E-02, 1.62114159640740E-01,-3.85833887217067E-02, 1.62114159640740E-01,-7.55157856653734E-01,-2.14067751699084E-01
 1.50500000000000E+09, 2.79754401977264E-01, 2.46872395158986E-01,-1.96651492480220E-02, 1.63550741468047E-01,-1.96651492480220E-02, 1.63550741468047E-01,-7.76724457061999E-01,-1.30894376401316E-01
 1.50750000000000E+09, 3.04422854638223E-01, 2.37275730273051E-01,-1.09623182803862E-03, 1.63254009412201E-01,-1.09623182803863E-03, 1.63254009412201E-01,-7.87965398461758E-01,-4.62949928938847E-02
 1.51000000000000E+09, 3.27968379516352E-01, 2.25319695442903E-01, 1.70854717252710E-02, 1.61329082474319E-01, 1.70854717252711E-02, 1.61329082474319E-01,-7.88911503248351E-01, 3.88877693732348E-02
 1.51250000000000E+09, 3.50184808207712E-01, 2.11131738048680E-01, 3.48564224767318E-02, 1.57847831050913E-01, 3.48564224767318E-02, 1.57847831050913E-01,-7.79541635235800E-01, 1.23831786636687E-01
 1.51500000000000E+09, 3.70880857302226E-01, 1.94853176600970E-01, 5.21981813023229E-02, 1.52848671025252E-01, 5.21981813023229E-02, 1.52848671025252E-01,-7.59781787628978E-01, 2.07694334479246E-01
 1.51750000000000E+09, 3.89879866497937E-01, 1.76636960652683E-01, 6.90884164780346E-02, 1.46337212652552E-01, 6.90884164780346E-02, 1.46337212652552E-01,-7.29512829817256E-01, 2.89570570759376E-01
 1.52000000000000E+09, 4.07019026524769E-01, 1.56645917590581E-01, 8.54918025339824E-02, 1.38287804832630E-01, 8.54918025339823E-02, 1.38287804832630E-01,-6.88587871596828E-01, 3.68451479547452E-01
 1.52250000000000E+09, 4.22148264422181E-01, 1.35051618278678E-01, 1.01350479665839E-01, 1.28646238542503E-01, 1.01350479665839E-01, 1.28646238542503E-01,-6.36861142759716E-01, 4.43181691960422E-01
 1.52500000000000E+09, 4.35128980318624E-01, 1.12033962784021E-01, 1.16573842744799E-01, 1.17334112394188E-01, 1.16573842744799E-01, 1.17334112394188E-01,-5.74231156561892E-01, 5.12418624871144E-01
 1.52750000000000E+09, 4.45832863279945E-01, 8.77815562621048E-02, 1.31027621174743E-01, 1.04255619063409E-01, 1.31027621174743E-01, 1.04255619063409E-01,-5.00701582404327E-01, 5.74596019805598E-01
 1.53000000000000E+09, 4.54141058505914E-01, 6.24929038429528E-02, 1.44522542429986E-01, 8.93077635871185E-02, 1.44522542429986E-01, 8.93077635871185E-02,-4.16463405987151E-01, 6.27897364812054E-01
 1.53250000000000E+09, 4.59944013777091E-01, 3.63783875312953E-02, 1.56803399716653E-01, 7.23952164435930E-02, 1.56803399716653E-01, 7.23952164435930E-02,-3.22001103297587E-01, 6.70247906576035E-01
 1.53500000000000E+09, 4.63142390153858E-01, 9.66287900074470E-03, 1.67540116187444E-01, 5.34510218157766E-02, 1.67540116187444E-01, 5.34510218157766E-02,-2.18222943233446E-01, 6.99337830528520E-01
 1.53750000000000E+09, 4.63649456021784E-01,-1.74113294962195E-02, 1.76323414305138E-01, 3.24640348372452E-02, 1.76323414305138E-01, 3.24640348372452E-02,-1.06610203213561E-01, 7.12693012858539E-01
 1.54000000000000E+09, 4.61395348988525E-01,-4.45818380293005E-02, 1.82668839035232E-01, 9.51298871806175E-03, 1.82668839035232E-01, 9.51298871806171E-03, 1.06288609780063E-02, 7.07811976712822E-01
 1.54250000000000E+09, 4.56333418879711E-01,-7.15645563014488E-02, 1.86033808582751E-01,-1.51947807343000E-02, 1.86033808582751E-01,-1.51947807343000E-02, 1.30427175645556E-01, 6.82385617098305E-01
 1.54500000000000E+09, 4.48448480914099E-01,-9.80543665896799E-02, 1.85852434084371E-01,-4.12848196365624E-02, 1.85852434084371E-01,-4.12848196365623E-02, 2.48790838440046E-01, 6.34606218932675E-01
 1.54750000000000E+09, 4.37766168823424E-01,-1.23729285981222E-01, 1.81591149636182E-01,-6.81857013599802E-02, 1.81591149636182E-01,-6.81857013599802E-02, 3.60848614360799E-01, 5.63550860877566E-01
 1.55000000000000E+09, 4.24361749913224E-01,-1.48259108261778E-01, 1.72823866893146E-01,-9.51194407683721E-02, 1.72823866893146E-01,-9.51194407683720E-02, 4.61073027401243E-01, 4.69591146249173E-01
 1.55250000000000E+09, 4.08366003959524E-01,-1.71318646090449E-01, 1.59318319876691E-01,-1.21124497193045E-01, 1.59318319876691E-01,-1.21124497193045E-01, 5.43705466085875E-01, 3.54743072225200E-01
 1.55500000000000E+09, 3.89965528659449E-01,-1.92604239463390E-01, 1.41117078437729E-01,-1.45119631107184E-01, 1.41117078437729E-01,-1.45119631107184E-01, 6.03367915780010E-01, 2.22844044730114E-01
 1.55750000000000E+09, 3.69395598599998E-01,-2.11850523600996E-01, 1.18591016103653E-01,-1.66006968517295E-01, 1.18591016103653E-01,-1.66006968517295E-01, 6.35773501703554E-01, 7.94508094079746E-02
 1.56000000000000E+09, 3.46925625251780E-01,-2.28843340013027E-01, 9.24443181611072E-02,-1.82798886094565E-01, 9.24443181611071E-02,-1.82798886094565E-01, 6.38383311400038E-01,-6.85921497245319E-02
 1.56250000000000E+09, 3.22839821943540E-01,-2.43424975050269E-01, 6.36608238052158E-02,-1.94741416792456E-01, 6.36608238052159E-02,-1.94741416792456E-01, 6.10835173469139E-01,-2.13867464869139E-01
 1.56500000000000E+09, 2.97417724504755E-01,-2.55489913946626E-01, 3.33989960444972E-02,-2.01403624518490E-01, 3.33989960444973E-02,-2.01403624518490E-01, 5.55016332344141E-01,-3.49236721728181E-01
 1.56750000000000E+09, 2.70919606268406E-01,-2.64972320676771E-01, 2.85954176630510E-03,-2.02711159568397E-01, 2.85954176630501E-03,-2.02711159568397E-01, 4.74756113635086E-01,-4.68629938154648E-01
 1.57000000000000E+09, 2.43580223855395E-01,-2.71829100535653E-01,-2.68425567484132E-02,-1.98919670308372E-01,-2.68425567484132E-02,-1.98919670308372E-01, 3.75230560007427E-01,-5.67596815066460E-01
 1.57250000000000E+09, 2.15611523696674E-01,-2.76023451526939E-01,-5.47744335501899E-02,-1.90541577395978E-01,-5.47744335501899E-02,-1.90541577395978E-01, 2.62244585604608E-01,-6.43530948142794E-01
 1.57500000000000E+09, 1.87212294001268E-01,-2.77512991347962E-01,-8.02363931639735E-02,-1.78250064651728E-01,-8.02363931639735E-02,-1.78250064651728E-01, 1.41561448634228E-01,-6.95582919492313E-01
 1.57750000000000E+09, 1.58581306139400E-01,-2.76244569345339E-01,-1.02768755752774E-01,-1.62784300239719E-01,-1.02768755752774E-01,-1.62784300239719E-01, 1.83968468284516E-02,-7.24353936176612E-01
 1.58000000000000E+09, 1.29930463625843E-01,-2.72155801782083E-01,-1.22125873187874E-01,-1.44872643516824E-01,-1.22125873187874E-01,-1.44872643516824E-01,-1.02878389644800E-01,-7.31487461305680E-01
 1.58250000000000E+09, 1.01495394041180E-01,-2.65181955515606E-01,-1.38232218118580E-01,-1.25181012881497E-01,-1.38232218118580E-01,-1.25181012881497E-01,-2.18843988445278E-01,-7.19259790380457E-01
 1.58500000000000E+09, 7.35421132304450E-02,-2.55266241526152E-01,-1.51133679854814E-01,-1.04285759117316E-01,-1.51133679854814E-01,-1.04285759117316E-01,-3.26994475713070E-01,-6.90233602365156E-01
 1.58750000000000E+09, 4.63693873099114E-02,-2.42371654007385E-01,-1.60952942441248E-01,-8.26659623864458E-02,-1.60952942441248E-01,-8.26659623864458E-02,-4.25619230439975E-01,-6.47001225038489E-01
 1.59000000000000E+09, 2.03070417777398E-02,-2.26492869872891E-01,-1.67853420916343E-01,-6.07087457255191E-02,-1.67853420916343E-01,-6.07087457255191E-02,-5.13646572503966E-01,-5.92017466730815E-01
 1.59250000000000E+09,-4.28924087472660E-03,-2.07667146560057E-01,-1.72012913623434E-01,-3.87218262720027E-02,-1.72012913623434E-01,-3.87218262720026E-02,-5.90485096274925E-01,-5.27507436979703E-01
 1.59500000000000E+09,-2.70460076324001E-02,-1.85983492232972E-01,-1.73606155375852E-01,-1.69489785922648E-02,-1.73606155375852E-01,-1.69489785922648E-02,-6.55881137386517E-01,-4.55430087460626E-01
 1.59750000000000E+09,-4.75823785699740E-02,-1.61589605797293E-01,-1.72794580693127E-01, 4.41438503064057E-03,-1.72794580693127E-01, 4.41438503064059E-03,-7.09800508710282E-01,-3.77479314210491E-01
 1.60000000000000E+09,-6.55220310153665E-02,-1.34696224043545E-01,-1.69721438306038E-01, 2.52070598063400E-02,-1.69721438306038E-01, 2.52070598063400E-02,-7.52335858369626E-01,-2.95108119106735E-01
 1.60250000000000E+09,-8.05061959420072E-02,-1.05578615293205E-01,-1.64510600054892E-01, 4.52899774361442E-02,-1.64510600054892E-01, 4.52899774361442E-02,-7.83637431283055E-01,-2.09565488868999E-01
 1.60500000000000E+09,-9.22070048800603E-02,-7.45750622556181E-02,-1.57267753119583E-01, 6.45363204791594E-02,-1.57267753119583E-01, 6.45363204791595E-02,-8.03863628641336E-01,-1.21939304818127E-01
 1.60750000000000E+09,-1.00340489047515E-01,-4.20823048342172E-02,-1.48083029868575E-01, 8.28236110649307E-02,-1.48083029868574E-01, 8.28236110649306E-02,-8.13147674715367E-01,-3.32014040164309E-02
 1.61000000000000E+09,-1.04678517462678E-01,-8.54807240326150E-03,-1.37034460273347E-01, 1.00027414854423E-01,-1.37034460273346E-01, 1.00027414854423E-01,-8.11577300122708E-01, 5.57471262873803E-02
 1.61250000000000E+09,-1.05058990249679E-01, 2.55389845785265E-02,-1.24191913503348E-01, 1.16016258792978E-01,-1.24191913503348E-01, 1.16016258792978E-01,-7.99185261155472E-01, 1.44031091299101E-01
 1.61500000000000E+09,-1.01393691977996E-01, 5.96614722520137E-02,-1.09621431923225E-01, 1.30647388701372E-01,-1.09621431923225E-01, 1.30647388701372E-01,-7.75949538519608E-01, 2.30756758302601E-01
 1.61750000000000E+09,-9.36733609719154E-02, 9.32868928123795E-02,-9.33900609463305E-02, 1.43763073498908E-01,-9.33900609463305E-02, 1.43763073498908E-01,-7.41803106520324E-01, 3.14967624331430E-01
 1.62000000000000E+09,-8.19697345648061E-02, 1.25881994277531E-01,-7.55714476012948E-02, 1.55187294530217E-01,-7.55714476012949E-02, 1.55187294530217E-01,-6.96654196961587E-01, 3.95600352209724E-01
 1.62250000000000E+09,-6.64345658778152E-02, 1.56927049185307E-01,-5.62526165392023E-02, 1.64722848486859E-01,-5.62526165392023E-02, 1.64722848486859E-01,-6.40418965323980E-01, 4.71441485411775E-01
 1.62500000000000E+09,-4.72958445756876E-02, 1.85929336976707E-01,-3.55424191277293E-02, 1.72149153481659E-01,-3.55424191277292E-02, 1.72149153481659E-01,-5.73069321233744E-01, 5.41086716137479E-01
 1.62750000000000E+09,-2.48516572467487E-02, 2.12435246378557E-01,-1.35821560109234E-02, 1.77221392097042E-01,-1.35821560109234E-02, 1.77221392097042E-01,-4.94699236436065E-01, 6.02906291023365E-01
 1.63000000000000E+09, 5.37742281456338E-04, 2.36040626329928E-01, 9.44126057596366E-03, 1.79672054301382E-01, 9.44126057596367E-03, 1.79672054301382E-01,-4.05612761187683E-01, 6.55022706829455E-01
 1.63250000000000E+09, 2.84590463728720E-02, 2.56399267872230E-01, 3.32795948317115E-02, 1.79216430428655E-01, 3.32795948317115E-02, 1.79216430428655E-01,-3.06435719685468E-01, 6.95310172877915E-01
 1.63500000000000E+09, 5.84556677395490E-02, 2.73229651741828E-01, 5.76056992024798E-02, 1.75564066830897E-01, 5.76056992024798E-02, 1.75564066830897E-01,-1.98249838132573E-01, 7.21429098776536E-01
 1.63750000000000E+09, 9.00378587092929E-02, 2.86320289993924E-01, 8.19958319308949E-02, 1.68438457050273E-01, 8.19958319308949E-02, 1.68438457050273E-01,-8.27419710540288E-02, 7.30912228135698E-01
 1.64000000000000E+09, 1.22693170202865E-01, 2.95534055795787E-01, 1.05915219762190E-01, 1.57606994545219E-01, 1.05915219762190E-01, 1.57606994545219E-01, 3.76485677230572E-02, 7.21320201823585E-01
 1.64250000000000E+09, 1.55897595394027E-01, 3.00811762022558E-01, 1.28712039350467E-01, 1.42922034068427E-01, 1.28712039350467E-01, 1.42922034068427E-01, 1.59614532026708E-01, 6.90480440407928E-01
 1.64500000000000E+09, 1.89128013932844E-01, 3.02174868028235E-01, 1.49626573847481E-01, 1.24371365742289E-01, 1.49626573847481E-01, 1.24371365742289E-01, 2.78940984363707E-01, 6.36810745950491E-01
 1.64750000000000E+09, 2.21876567484302E-01, 2.99726588334018E-01, 1.67822642009245E-01, 1.02132350328390E-01, 1.67822642009246E-01, 1.02132350328390E-01, 3.90594249141732E-01, 5.59705272689807E-01
 1.65000000000000E+09, 2.53667166929283E-01, 2.93650005212605E-01, 1.82446177928360E-01, 7.66189950579762E-02, 1.82446177928360E-01, 7.66189950579762E-02, 4.88987988611737E-01, 4.59926742403603E-01
 1.65250000000000E+09, 2.84073367238042E-01, 2.84201376547013E-01, 1.92710022842579E-01, 4.85071316796310E-02, 1.92710022842579E-01, 4.85071316796310E-02, 5.68447118896526E-01, 3.39913727087785E-01
 1.65500000000000E+09, 3.12735520555439E-01, 2.71697105335930E-01, 1.97994909352453E-01, 1.87223909738098E-02, 1.97994909352453E-01, 1.87223909738098E-02, 6.23836494437536E-01, 2.03892889167059E-01
 1.65750000000000E+09, 3.39373962509800E-01, 2.56494084999115E-01, 1.97946976260306E-01,-1.16185399033236E-02, 1.97946976260306E-01,-1.16185399033237E-02, 6.51252992088509E-01, 5.77037475977049E-02
 1.66000000000000E+09, 3.63794751370970E-01, 2.38965183082235E-01, 1.92546765698492E-01,-4.13105939630626E-02, 1.92546765698492E-01,-4.13105939630626E-02, 6.48625319286362E-01,-9.16921158830298E-02
 1.66250000000000E+09, 3.85885693925759E-01, 2.19473694508257E-01, 1.82128082468726E-01,-6.91891431914192E-02, 1.82128082468726E-01,-6.91891431914191E-02, 6.16059708123207E-01,-2.36949148170626E-01
 1.66500000000000E+09, 4.05602862766223E-01, 1.98351596307949E-01, 1.67338094734821E-01,-9.42563635148187E-02, 1.67338094734821E-01,-9.42563635148188E-02, 5.55828509683078E-01,-3.71166805568894E-01
 1.66750000000000E+09, 4.22950525566586E-01, 1.75885666065136E-01, 1.49047772811027E-01,-1.15775997074435E-01, 1.49047772811027E-01,-1.15775997074435E-01, 4.72004195100137E-01,-4.88618064717690E-01
 1.67000000000000E+09, 4.37959088848510E-01, 1.52313232837305E-01, 1.28236046078538E-01,-1.33317871043809E-01, 1.28236046078538E-01,-1.33317871043809E-01, 3.69845854930109E-01,-5.85223749301746E-01
 1.67250000000000E+09, 4.50665591976575E-01, 1.27826603497488E-01, 1.05875641449149E-01,-1.46749819603977E-01, 1.05875641449149E-01,-1.46749819603977E-01, 2.55101897240608E-01,-6.58708637626452E-01
 1.67500000000000E+09, 4.61099737328262E-01, 1.02583257520987E-01, 8.28428714586405E-02,-1.56188984643107E-01, 8.28428714586406E-02,-1.56188984643107E-01, 1.33383997183395E-01,-7.08471568674153E-01
 1.67750000000000E+09, 4.69276346139119E-01, 7.67183285476512E-02, 5.98622083264968E-02,-1.61931562248250E-01, 5.98622083264968E-02,-1.61931562248250E-01, 9.71132245529016E-03,-7.35264767962209E-01
 1.68000000000000E+09, 4.75193417086802E-01, 5.03565047754593E-02, 3.74852267199019E-02,-1.64379369211553E-01, 3.74852267199018E-02,-1.64379369211553E-01,-1.11744789171825E-01,-7.40793533184021E-01
 1.68250000000000E+09, 4.78834090558976E-01, 2.36216574385412E-02, 1.60962603921462E-02,-1.63976061464141E-01, 1.60962603921462E-02,-1.63976061464141E-01,-2.27738899149277E-01,-7.27327040963398E-01
 1.68500000000000E+09, 4.80170733242398E-01,-3.35635262473902E-03,-4.06535245676613E-03,-1.61159133575484E-01,-4.06535245676609E-03,-1.61159133575484E-01,-3.35902293321359E-01,-6.97375183933935E-01
 1.68750000000000E+09, 4.79169740336068E-01,-3.04374599467038E-02,-2.28755781384768E-02,-1.56328464998295E-01,-2.28755781384769E-02,-1.56328464998295E-01,-4.34620260196721E-01,-6.53452384869658E-01
 1.69000000000000E+09, 4.75796182168075E-01,-5.74691698126085E-02,-4.02951184466140E-02,-1.49829021503667E-01,-4.02951184466140E-02,-1.49829021503667E-01,-5.22879712167903E-01,-5.97925784357307E-01
 1.69250000000000E+09, 4.70017891035983E-01,-8.42856585591015E-02,-5.63417901808464E-02,-1.41944113343682E-01,-5.63417901808464E-02,-1.41944113343682E-01,-6.00116771641555E-01,-5.32933066236158E-01
 1.69500000000000E+09, 4.61808911418751E-01,-1.10707637703342E-01,-7.10675042233238E-02,-1.32895668577972E-01,-7.10675042233237E-02,-1.32895668577972E-01,-6.66080837220721E-01,-4.60351646750792E-01
 1.69750000000000E+09, 4.51152422924613E-01,-1.36542585535287E-01,-8.45400723365352E-02,-1.22848644630182E-01,-8.45400723365353E-02,-1.22848644630182E-01,-7.20721996650616E-01,-3.81802395703377E-01
 1.70000000000000E+09, 4.38043325836708E-01,-1.61585111460081E-01,-9.68292973679493E-02,-1.11917526983296E-01,-9.68292973679494E-02,-1.11917526983296E-01,-7.64102647843183E-01,-2.98674608006011E-01
 1.70250000000000E+09, 4.22490693865071E-01,-1.85617350202535E-01,-1.07996485398365E-01,-1.00173616851574E-01,-1.07996485398365E-01,-1.00173616851574E-01,-7.96331076043847E-01,-2.12162836531455E-01
 1.70500000000000E+09, 4.04520279026602E-01,-2.08409380360501E-01,-1.18086474332704E-01,-8.76524043593703E-02,-1.18086474332704E-01,-8.76524043593703E-02,-8.17513573602311E-01,-1.23309578656846E-01
 1.70750000000000E+09, 3.84177219422419E-01,-2.29719730393427E-01,-1.27121370538105E-01,-7.43607569623211E-02,-1.27121370538105E-01,-7.43607569623211E-02,-8.27721691156595E-01,-3.30504020399621E-02
 1.71000000000000E+09, 3.61529062564629E-01,-2.49296083680609E-01,-1.35095343406501E-01,-6.02839559629210E-02,-1.35095343406501E-01,-6.02839559629210E-02,-8.26971832208391E-01, 5.77400853360213E-02
 1.71250000000000E+09, 3.36669178766457E-01,-2.66876331037976E-01,-1.41970007896971E-01,-4.53928258882013E-02,-1.41970007896971E-01,-4.53928258882013E-02,-8.15215323804452E-01, 1.48201848602217E-01
 1.71500000000000E+09, 3.09720600744726E-01,-2.82190150571582E-01,-1.47670116051746E-01,-2.96513554423455E-02,-1.47670116051746E-01,-2.96513554423455E-02,-7.92338149847561E-01, 2.37442410377808E-01
 1.71750000000000E+09, 2.80840284107814E-01,-2.94961325566640E-01,-1.52079487431288E-01,-1.30253265675124E-02,-1.52079487431288E-01,-1.30253265675123E-02,-7.58170652792241E-01, 3.24488800807299E-01
 1.72000000000000E+09, 2.50223733859116E-01,-3.04911043964205E-01,-1.55037354501886E-01, 4.50744284456685E-03,-1.55037354501886E-01, 4.50744284456688E-03,-7.12508669741341E-01, 4.08238311815687E-01
 1.72250000000000E+09, 2.18109877343436E-01,-3.11762458420117E-01,-1.56335608367329E-01, 2.29445877049683E-02,-1.56335608367329E-01, 2.29445877049683E-02,-6.55148739905787E-01, 4.87408640560238E-01
 1.72500000000000E+09, 1.84785974568117E-01,-3.15246821364723E-01,-1.55717830194974E-01, 4.22437861360964E-02,-1.55717830194974E-01, 4.22437861360964E-02,-5.85941111643018E-01, 5.60489397977037E-01
 1.72750000000000E+09, 1.50592230122190E-01,-3.15111536852130E-01,-1.52881502299937E-01, 6.23039877978114E-02,-1.52881502299937E-01, 6.23039877978113E-02,-5.04865069739131E-01, 6.25699192175656E-01
 1.73000000000000E+09, 1.15925592757379E-01,-3.11130472858283E-01,-1.47485398804425E-01, 8.29432294594715E-02,-1.47485398804425E-01, 8.29432294594714E-02,-4.12131161918626E-01, 6.80955768829117E-01
 1.73250000000000E+09, 8.12419870883099E-02,-3.03116821477318E-01,-1.39164783249882E-01, 1.03873792626850E-01,-1.39164783249882E-01, 1.03873792626850E-01,-3.08313483102934E-01, 7.23871057242641E-01
 1.73500000000000E+09, 4.70559172339330E-02,-2.90938626402485E-01,-1.27557496487807E-01, 1.24676817540490E-01,-1.27557496487807E-01, 1.24676817540490E-01,-1.94511176481375E-01, 7.51788084108513E-01
 1.73750000000000E+09, 1.39360471090791E-02,-2.74536740534402E-01,-1.12343931655898E-01, 1.44780506978205E-01,-1.12343931655898E-01, 1.44780506978205E-01,-7.25303992825206E-02, 7.61881409411346E-01
 1.74000000000000E+09,-1.75049086376169E-02,-2.53944345085788E-01,-9.33026840055145E-02, 1.63448630025970E-01,-9.33026840055145E-02, 1.63448630025970E-01, 5.49348835165918E-02, 7.51344519317438E-01
 1.74250000000000E+09,-4.66276661195419E-02,-2.29306202668104E-01,-7.03806255450041E-02, 1.79788621968661E-01,-7.03806255450041E-02, 1.79788621968661E-01, 1.84162435869203E-01, 7.17682380264450E-01
 1.74500000000000E+09,-7.27923839903337E-02,-2.00894600502783E-01,-4.37707799754255E-02, 1.92789926365958E-01,-4.37707799754256E-02, 1.92789926365958E-01, 3.10359417201534E-01, 6.59110026349199E-01
 1.74750000000000E+09,-9.53929835667739E-02,-1.69117779327024E-01,-1.39840093143863E-02, 2.01401373819446E-01,-1.39840093143864E-02, 2.01401373819446E-01, 4.27787296006907E-01, 5.75025005177978E-01
 1.75000000000000E+09,-1.13897197192323E-01,-1.34516172001246E-01, 1.81067926858820E-02, 2.04649264756023E-01, 1.81067926858820E-02, 2.04649264756023E-01, 5.30113999978963E-01, 4.66475366260796E-01
 1.75250000000000E+09,-1.27886818006221E-01,-9.77428237633651E-02, 5.12744872595920E-02, 2.01784789989702E-01, 5.12744872595919E-02, 2.01784789989702E-01, 6.11010988935853E-01, 3.36499791380021E-01
 1.75500000000000E+09,-1.37090221812853E-01,-5.95274947075285E-02, 8.40160579084994E-02, 1.92433350814970E-01, 8.40160579084994E-02, 1.92433350814970E-01, 6.64936063608179E-01, 1.90198677862092E-01
 1.75750000000000E+09,-1.41399000147965E-01,-2.06287394894646E-02, 1.14702752137066E-01, 1.76706423331749E-01, 1.14702752137066E-01, 1.76706423331749E-01, 6.87952807979330E-01, 3.44320826714680E-02
 1.76000000000000E+09,-1.40863648394967E-01, 1.82170705634322E-02, 1.41778223826304E-01, 1.55237711423479E-01, 1.41778223826304E-01, 1.55237711423479E-01, 6.78378733272241E-01,-1.22860471241077E-01
 1.76250000000000E+09,-1.35669188560776E-01, 5.63388133509775E-02, 1.63959381681024E-01, 1.29123770104398E-01, 1.63959381681024E-01, 1.29123770104398E-01, 6.37070877711749E-01,-2.73593732373382E-01
 1.76500000000000E+09,-1.26097872609761E-01, 9.31570904783497E-02, 1.80389042323977E-01, 9.97794153805804E-02, 1.80389042323977E-01, 9.97794153805804E-02, 5.67259569077825E-01,-4.10501574520641E-01
 1.76750000000000E+09,-1.12489548005402E-01, 1.28191252562216E-01, 1.90704669402186E-01, 6.87458999215120E-02, 1.90704669402186E-01, 6.87458999215120E-02, 4.73986026709608E-01,-5.27899019853270E-01
 1.77000000000000E+09,-9.52092386250895E-02, 1.61050550248774E-01, 1.95016143525254E-01, 3.75013649304458E-02, 1.95016143525254E-01, 3.75013649304458E-02, 3.63316409938924E-01,-6.22088635623470E-01
 1.77250000000000E+09,-7.46270114094572E-02, 1.91416939847974E-01, 1.93813031420851E-01, 7.31464656146234E-03, 1.93813031420851E-01, 7.31464656146240E-03, 2.41542139931979E-01,-6.91385725452486E-01
 1.77500000000000E+09,-5.11099673917555E-02, 2.19027291929623E-01, 1.87836411372691E-01,-2.08374888110159E-02, 1.87836411372691E-01,-2.08374888110159E-02, 1.14532493001348E-01,-7.35845958599450E-01
 1.77750000000000E+09,-2.50226294160013E-02, 2.43660179292550E-01, 1.77949442661453E-01,-4.62913211717790E-02, 1.77949442661453E-01,-4.62913211717790E-02,-1.26801445602113E-02,-7.56830655173752E-01
 1.78000000000000E+09, 3.26904617213995E-03, 2.65129019884027E-01, 1.65029953383286E-01,-6.86709926401191E-02, 1.65029953383286E-01,-6.86709926401192E-02,-1.36083225578266E-01,-7.56538401415887E-01
 1.78250000000000E+09, 3.33939092190691E-02, 2.83280707438224E-01, 1.49895025536974E-01,-8.78371098674545E-02, 1.49895025536974E-01,-8.78371098674545E-02,-2.52686179896655E-01,-7.37591590044719E-01
 1.78500000000000E+09, 6.49742717215246E-02, 2.97997581358677E-01, 1.33257193807418E-01,-1.03826451674884E-01, 1.33257193807418E-01,-1.03826451674884E-01,-3.60408762470531E-01,-7.02720161737015E-01
 1.78750000000000E+09, 9.76275401903157E-02, 3.09200476976998E-01, 1.15706191708653E-01,-1.16794502454806E-01, 1.15706191708653E-01,-1.16794502454806E-01,-4.57915493710398E-01,-6.54549008857275E-01
 1.79000000000000E+09, 1.30970320895688E-01, 3.16851149109091E-01, 9.77084683374389E-02,-1.26966949720669E-01, 9.77084683374389E-02,-1.26966949720669E-01,-5.44439023283679E-01,-5.95474984105350E-01
 1.79250000000000E+09, 1.64624013090627E-01, 3.20953109473809E-01, 7.96173889587990E-02,-1.34602128929640E-01, 7.96173889587990E-02,-1.34602128929640E-01,-6.19617667932780E-01,-5.27611733575239E-01
 1.79500000000000E+09, 1.98220853423289E-01, 3.21550577538355E-01, 6.16887157973199E-02,-1.39963904034566E-01, 6.16887157973199E-02,-1.39963904034566E-01,-6.83358697558801E-01,-4.52780815971272E-01
 1.79750000000000E+09, 2.31409562129731E-01, 3.18725701988252E-01, 4.40977540100557E-02,-1.43303300781194E-01, 4.40977540100557E-02,-1.43303300781194E-01,-7.35730100138134E-01,-3.72531512357184E-01
 1.80000000000000E+09, 2.63860017162833E-01, 3.12594462028196E-01, 2.69560301924062E-02,-1.44846889892154E-01, 2.69560301924062E-02,-1.44846889892154E-01,-7.76878760511719E-01,-2.88176605850675E-01
 1.80250000000000E+09, 2.95266652607336E-01, 3.03301748688136E-01, 1.03264401882807E-02,-1.44790052911582E-01, 1.03264401882807E-02,-1.44790052911582E-01,-8.06970984022387E-01,-2.00835814983500E-01
 1.80500000000000E+09, 3.25350497316742E-01, 2.91016111725754E-01,-5.76349833763423E-03,-1.43293590079329E-01,-5.76349833763422E-03,-1.43293590079329E-01,-8.26150962878094E-01,-1.11481997112688E-01
 1.80750000000000E+09, 3.53859925389969E-01, 2.75924585788738E-01,-2.13102336966492E-02,-1.40482498244173E-01,-2.13102336966492E-02,-1.40482498244173E-01,-8.34513325732287E-01,-2.09876736832316E-02
 1.81000000000000E+09, 3.80570286208323E-01, 2.58227915396088E-01,-3.63243226219810E-02,-1.36446088472628E-01,-3.63243226219810E-02,-1.36446088472628E-01,-8.32086845547989E-01, 6.98289684425146E-02
 1.81250000000000E+09, 4.05282630406914E-01, 2.38136404516829E-01,-5.08217281793239E-02,-1.31238906167017E-01,-5.08217281793239E-02,-1.31238906167017E-01,-8.18827454782242E-01, 1.60158478767075E-01
 1.81500000000000E+09, 4.27821763550463E-01, 2.15866535501079E-01,-6.48158295823305E-02,-1.24882164710937E-01,-6.48158295823306E-02,-1.24882164710937E-01,-7.94619825661415E-01, 2.49154339123688E-01
 1.81750000000000E+09, 4.48033854806398E-01, 1.91638439096213E-01,-7.83096972787029E-02,-1.17365621938467E-01,-7.83096972787029E-02,-1.17365621938467E-01,-7.59287893944436E-01, 3.35886246113149E-01
 1.82000000000000E+09, 4.65783815016632E-01, 1.65674252644404E-01,-9.12882145403604E-02,-1.08650036016313E-01,-9.12882145403605E-02,-1.08650036016313E-01,-7.12615845997779E-01, 4.19292050965477E-01
 1.82250000000000E+09, 4.80952646602308E-01, 1.38197374359875E-01,-1.03709690981145E-01,-9.86705518053975E-02,-1.03709690981145E-01,-9.86705518053975E-02,-6.54382249106726E-01, 4.98128652190639E-01
 1.82500000000000E+09, 4.93434964016212E-01, 1.09432602254124E-01,-1.15496735178808E-01,-8.73416032735217E-02,-1.15496735178808E-01,-8.73416032735217E-02,-5.84411123318763E-01, 5.70923453660589E-01
 1.82750000000000E+09, 5.03136893192166E-01, 7.96071286063193E-02,-1.26526371144755E-01,-7.45641725536657E-02,-1.26526371144755E-01,-7.45641725536657E-02,-5.02644648088811E-01, 6.35930123254381E-01
 1.83000000000000E+09, 5.09974583877412E-01, 4.89523335160938E-02,-1.36619751795093E-01,-6.02364978724053E-02,-1.36619751795093E-01,-6.02364978724054E-02,-4.09242479889668E-01, 6.91095545619882E-01
 1.83250000000000E+09, 5.13873606990378E-01, 1.77062691066986E-02,-1.45532406960748E-01,-4.42695035695309E-02,-1.45532406960748E-01,-4.42695035695309E-02,-3.04711630692340E-01, 7.34049188653593E-01
 1.83500000000000E+09, 5.14769548208724E-01,-1.38833683253677E-02,-1.52946816926648E-01,-2.66082005309890E-02,-1.52946816926648E-01,-2.66082005309891E-02,-1.90067441023707E-01, 7.62131389604506E-01
 1.83750000000000E+09, 5.12610122049227E-01,-4.55561337634746E-02,-1.58470215640306E-01,-7.25985007882943E-03,-1.58470215640306E-01,-7.25985007882945E-03,-6.70189704310152E-02, 7.72482358843428E-01
 1.84000000000000E+09, 5.07359070952621E-01,-7.70361677047088E-02,-1.61641738905502E-01, 1.36715071805398E-02,-1.61641738905502E-01, 1.36715071805398E-02, 6.18402042377545E-02, 7.62216749139100E-01
 1.84250000000000E+09, 4.99001915900162E-01,-1.08030791314686E-01,-1.61953906828023E-01, 3.59467857285464E-02,-1.61953906828023E-01, 3.59467857285464E-02, 1.92872471507949E-01, 7.28705460583635E-01
 1.84500000000000E+09, 4.87553223924154E-01,-1.38231385925234E-01,-1.58893165944449E-01, 5.91558220877545E-02,-1.58893165944450E-01, 5.91558220877546E-02, 3.21324986749854E-01, 6.69971517047615E-01
 1.84750000000000E+09, 4.73064438535442E-01,-1.67317572740575E-01,-1.52001736605325E-01, 8.26934587405479E-02,-1.52001736605325E-01, 8.26934587405479E-02, 4.41419160857660E-01, 5.85175551388938E-01
 1.85000000000000E+09, 4.55630595010431E-01,-1.94965286178113E-01,-1.40957442531460E-01, 1.05760573001626E-01,-1.40957442531460E-01, 1.05760573001626E-01, 5.46670171263218E-01, 4.75119145030579E-01
 1.85250000000000E+09, 4.35393721312252E-01,-2.20858355536343E-01,-1.25659848879295E-01, 1.27402314303195E-01,-1.25659848879295E-01, 1.27402314303195E-01, 6.30469363355839E-01, 3.42642920048697E-01
 1.85500000000000E+09, 4.12540866926301E-01,-2.44701789551628E-01,-1.06302453585127E-01, 1.46589236098841E-01,-1.06302453585127E-01, 1.46589236098841E-01, 6.86886465776769E-01, 1.92767087611414E-01
 1.85750000000000E+09, 3.87295874693010E-01,-2.66233621011853E-01,-8.34066847492564E-02, 1.62334108119912E-01,-8.34066847492564E-02, 1.62334108119912E-01, 7.11550074539992E-01, 3.24472629229226E-02
 1.86000000000000E+09, 3.59906103567510E-01,-2.85231738366132E-01,-5.77989180692312E-02, 1.73821921134252E-01,-5.77989180692312E-02, 1.73821921134252E-01, 7.02388327667956E-01,-1.30086557012076E-01
 1.86250000000000E+09, 3.30627508567741E-01,-3.01513240314056E-01,-3.05275112748403E-02, 1.80520658718715E-01,-3.05275112748403E-02, 1.80520658718715E-01, 6.60009968248619E-01,-2.86299618157477E-01
 1.86500000000000E+09, 2.99712586182828E-01,-3.14926327382853E-01,-2.73715831584262E-03, 1.82242852630698E-01,-2.73715831584263E-03, 1.82242852630698E-01, 5.87601481564713E-01,-4.28401701560555E-01
 1.86750000000000E+09, 2.67404922544861E-01,-3.25337485035915E-01, 2.44674372684971E-02, 1.79143402272165E-01, 2.44674372684971E-02, 1.79143402272165E-01, 4.90372990686604E-01,-5.50213616520259E-01
 1.87000000000000E+09, 2.33941742029697E-01,-3.32618328634491E-01, 5.01351667403389E-02, 1.71660235048434E-01, 5.01351667403389E-02, 1.71660235048434E-01, 3.74726495406923E-01,-6.47662326979435E-01
 1.87250000000000E+09, 1.99563162020578E-01,-3.36636267485169E-01, 7.35376019817228E-02, 1.60420566342800E-01, 7.35376019817228E-02, 1.60420566342800E-01, 2.47378284910351E-01,-7.18854209943179E-01
 1.87500000000000E+09, 1.64525066877738E-01,-3.37251490140792E-01, 9.41889674099634E-02, 1.46140311858079E-01, 9.41889674099634E-02, 1.46140311858080E-01, 1.14630556815345E-01,-7.63805160511728E-01
 1.87750000000000E+09, 1.29112131252270E-01,-3.34320708245755E-01, 1.11826563649484E-01, 1.29538439438917E-01, 1.11826563649484E-01, 1.29538439438917E-01,-1.81053207398305E-02,-7.83974485681068E-01
 1.88000000000000E+09, 9.36482369363204E-02,-3.27706526224035E-01, 1.26367764928567E-01, 1.11277342205524E-01, 1.26367764928567E-01, 1.11277342205524E-01,-1.46525869227956E-01,-7.81749573823039E-01
 1.88250000000000E+09, 5.85026649539758E-02,-3.17290571229637E-01, 1.37859148003832E-01, 9.19303990635234E-02, 1.37859148003832E-01, 9.19303990635234E-02,-2.67446208294024E-01,-7.59985814992635E-01
 1.88500000000000E+09, 2.40914573067840E-02,-3.02988470377555E-01, 1.46428815204317E-01, 7.19717445209826E-02, 1.46428815204317E-01, 7.19717445209825E-02,-3.78679471223575E-01,-7.21653362819550E-01
 1.88750000000000E+09,-9.12599789009533E-03,-2.84765058605497E-01, 1.52247733012084E-01, 5.17810661303619E-02, 1.52247733012084E-01, 5.17810661303619E-02,-4.78853535745026E-01,-6.69600167417953E-01
 1.89000000000000E+09,-4.06547706542638E-02,-2.62648554557105E-01, 1.55501771996322E-01, 3.16566981273353E-02, 1.55501771996322E-01, 3.16566981273353E-02,-5.67214590614058E-01,-6.06416084699769E-01
 1.89250000000000E+09,-6.99760523449266E-02,-2.36742711892445E-01, 1.56373626184387E-01, 1.18319228146452E-02, 1.56373626184387E-01, 1.18319228146452E-02,-6.43446770650944E-01,-5.34373374852264E-01
 1.89500000000000E+09,-9.65620632736654E-02,-2.07236120106614E-01, 1.55032665211161E-01,-7.50878944575444E-03, 1.55032665211161E-01,-7.50878944575445E-03,-7.07521170505387E-01,-4.55418955672711E-01
 1.89750000000000E+09,-1.19893486242125E-01,-1.74407938241396E-01, 1.51630545314031E-01,-2.62153696285880E-02, 1.51630545314031E-01,-2.62153696285880E-02,-7.59577254245116E-01,-3.71198291445940E-01
 1.90000000000000E+09,-1.39478561378906E-01,-1.38629459488703E-01, 1.46300641065803E-01,-4.41602850632616E-02, 1.46300641065803E-01,-4.41602850632615E-02,-7.99834137983331E-01,-2.83096445805058E-01
 1.90250000000000E+09,-1.54872808504458E-01,-1.00361075124911E-01, 1.39159768763358E-01,-6.12292837938756E-02, 1.39159768763358E-01,-6.12292837938756E-02,-8.28526953498950E-01,-1.92286920110742E-01
 1.90500000000000E+09,-1.65698193786004E-01,-6.01444576819250E-02, 1.30311098777159E-01,-7.73144517674029E-02, 1.30311098777159E-01,-7.73144517674028E-02,-8.45863171406734E-01,-9.97828405375745E-02
 1.90750000000000E+09,-1.71660477131522E-01,-1.85901120921150E-02, 1.19847533091491E-01,-9.23091173276950E-02, 1.19847533091491E-01,-9.23091173276950E-02,-8.51994430807760E-01,-6.48782254391425E-03
 1.91000000000000E+09,-1.72563507902344E-01, 2.36391803778216E-02, 1.07855140918109E-01,-1.06104086347252E-01, 1.07855140918109E-01,-1.06104086347252E-01,-8.47000519000661E-01, 8.67543685296493E-02
 1.91250000000000E+09,-1.68319403132814E-01, 6.58481268881703E-02, 9.44165064124600E-02,-1.18584713554302E-01, 9.44165064124600E-02,-1.18584713554302E-01,-8.30883374489894E-01, 1.79111189625942E-01
 1.91500000000000E+09,-1.58953843214736E-01, 1.07330685172546E-01, 7.96140601120889E-02,-1.29628389252738E-01, 7.96140601120889E-02,-1.29628389252738E-01,-8.03570226896294E-01, 2.69713049816600E-01
 1.91750000000000E+09,-1.44606126487081E-01, 1.47392414581200E-01, 6.35336487760592E-02,-1.39102138989941E-01, 6.35336487760592E-02,-1.39102138989941E-01,-7.64926209619952E-01, 3.57604657099904E-01
 1.92000000000000E+09,-1.25524085068876E-01, 1.85371964599068E-01, 4.62687492503487E-02,-1.46860199705839E-01, 4.62687492503487E-02,-1.46860199705838E-01,-7.14777991003598E-01, 4.41695590988197E-01
 1.92250000000000E+09,-1.02054414993949E-01, 2.20660374382253E-01, 2.79258443332378E-02,-1.52741658217011E-01, 2.79258443332378E-02,-1.52741658217011E-01,-6.52951158891213E-01, 5.20710537831194E-01
 1.92500000000000E+09,-7.46293488331260E-02, 2.52717135149440E-01, 8.63153389261301E-03,-1.56568528071447E-01, 8.63153389261299E-03,-1.56568528071447E-01,-5.79325187603297E-01, 5.93141076253461E-01
 1.92750000000000E+09,-4.37508443227869E-02, 2.81082358985864E-01,-1.14580828216334E-02,-1.58145008587650E-01,-1.14580828216334E-02,-1.58145008587650E-01,-4.93910609128883E-01, 6.57203176289631E-01
 1.93000000000000E+09,-9.97354366282606E-03, 3.05384845115575E-01,-3.21454067516518E-02,-1.57259113533281E-01,-3.21454067516519E-02,-1.57259113533281E-01,-3.96953077205754E-01, 7.10807882732936E-01
 1.93250000000000E+09, 2.61123358039055E-02, 3.25346271779824E-01,-5.31768016847199E-02,-1.53688343951228E-01,-5.31768016847199E-02,-1.53688343951228E-01,-2.89067616593025E-01, 7.51557063293342E-01
 1.93500000000000E+09, 6.38972755375903E-02, 3.40782101411168E-01,-7.42263779132528E-02,-1.47211514424433E-01,-7.42263779132528E-02,-1.47211514424433E-01,-1.71402387279024E-01, 7.76781295679761E-01
 1.93750000000000E+09, 1.02767375225955E-01, 3.51600005181333E-01,-9.48801788274226E-02,-1.37629021875940E-01,-9.48801788274225E-02,-1.37629021875940E-01,-4.58234047975679E-02, 7.83641814084131E-01
 1.94000000000000E+09, 1.42117851931047E-01, 3.57796633152331E-01,-1.14624528768132E-01,-1.24793423705871E-01,-1.14624528768132E-01,-1.24793423705871E-01, 8.49012909131530E-02, 7.69320473461881E-01
 1.94250000000000E+09, 1.81365482444954E-01, 3.59453336001140E-01,-1.32844192850420E-01,-1.08650692811628E-01,-1.32844192850419E-01,-1.08650692811628E-01, 2.16957329924333E-01, 7.31316796934273E-01
 1.94500000000000E+09, 2.19960623477645E-01, 3.56730979839987E-01,-1.48837442414203E-01,-8.92894927547630E-02,-1.48837442414203E-01,-8.92894927547630E-02, 3.45438185948050E-01, 6.67854098329333E-01
 1.94750000000000E+09, 2.57399392407933E-01, 3.49863365792282E-01,-1.61854917695394E-01,-6.69912237289866E-02,-1.61854917695395E-01,-6.69912237289866E-02, 4.64468866174009E-01, 5.78363434073485E-01
 1.95000000000000E+09, 2.93236078418215E-01, 3.39148181706078E-01,-1.71165849076358E-01,-4.22683606155499E-02,-1.71165849076358E-01,-4.22683606155499E-02, 5.67562272549038E-01, 4.63966827434655E-01
 1.95250000000000E+09, 3.27094890420512E-01, 3.24934220427004E-01,-1.76147828385478E-01,-1.58750703260819E-02,-1.76147828385478E-01,-1.58750703260819E-02, 6.48229579365150E-01, 3.27833651078913E-01
 1.95500000000000E+09, 3.58679032789422E-01, 3.07604155866137E-01,-1.76385952430203E-01, 1.12244272823771E-02,-1.76385952430203E-01, 1.12244272823771E-02, 7.00787517224207E-01, 1.75263058634047E-01
 1.95750000000000E+09, 3.87774436773960E-01, 2.87553576023052E-01,-1.71757753031126E-01, 3.79353564320042E-02,-1.71757753031126E-01, 3.79353564320043E-02, 7.21211118715280E-01, 1.33804482605752E-02
 1.96000000000000E+09, 4.14245913641275E-01, 2.65168803492439E-01,-1.62477751871311E-01, 6.31501035550720E-02,-1.62477751871311E-01, 6.31501035550721E-02, 7.07815637429847E-01,-1.49563181497166E-01
 1.96250000000000E+09, 4.38025230646859E-01, 2.40807363316900E-01,-1.49083881956944E-01, 8.58790295997720E-02,-1.49083881956944E-01, 8.58790295997720E-02, 6.61564041673590E-01,-3.05163957996903E-01
 1.96500000000000E+09, 4.59093027221193E-01, 2.14784876897023E-01,-1.32365714756856E-01, 1.05361885905394E-01,-1.32365714756856E-01, 1.05361885905393E-01, 5.85900256757082E-01,-4.45878351394081E-01
 1.96750000000000E+09, 4.77458392908903E-01, 1.87370482191605E-01,-1.13253424271238E-01, 1.21133080762375E-01,-1.13253424271238E-01, 1.21133080762375E-01, 4.86161327878598E-01,-5.65828215601719E-01
 1.97000000000000E+09, 4.93140337319996E-01, 1.58790388354298E-01,-9.26972559972413E-02, 1.33030281654843E-01,-9.26972559972412E-02, 1.33030281654843E-01, 3.68748564582861E-01,-6.61231699608801E-01
 1.97250000000000E+09, 5.06154210154633E-01, 1.29237099935982E-01,-7.15655442135682E-02, 1.41154025448175E-01,-7.15655442135682E-02, 1.41154025448175E-01, 2.40280983970726E-01,-7.30429047090691E-01
 1.97500000000000E+09, 5.16504159169266E-01, 9.88810290355759E-02,-5.05780411707242E-02, 1.45797761172425E-01,-5.05780411707242E-02, 1.45797761172425E-01, 1.06909832052157E-01,-7.73590564618357E-01
 1.97750000000000E+09, 5.24180950945710E-01, 6.78816659779628E-02,-3.02776041230993E-02, 1.47369885194112E-01,-3.02776041230993E-02, 1.47369885194112E-01,-2.61183301886053E-02,-7.92251167140760E-01
 1.98000000000000E+09, 5.29163522471910E-01, 3.63966171178653E-02,-1.10331773002944E-02, 1.46324155310340E-01,-1.10331773002944E-02, 1.46324155310340E-01,-1.54650370484794E-01,-7.88809906426325E-01
 1.98250000000000E+09, 5.31422508500488E-01, 4.58798094942081E-03, 6.93727809793643E-03, 1.43107002158129E-01, 6.93727809793643E-03, 1.43107002158129E-01,-2.75622135863373E-01,-7.66089885730426E-01
 1.98500000000000E+09, 5.30924384038925E-01,-2.73736681876789E-02, 2.35347773542074E-02, 1.38123419213915E-01, 2.35347773542073E-02, 1.38123419213915E-01,-3.86933294418584E-01,-7.27003782320771E-01
 1.98750000000000E+09, 5.27635414794264E-01,-5.93070583369109E-02, 3.87461950906465E-02, 1.31718906200809E-01, 3.87461950906465E-02, 1.31718906200809E-01,-4.87266112599774E-01,-6.74331355356322E-01
 1.99000000000000E+09, 5.21525088668039E-01,-9.10190930159889E-02, 5.26146617131551E-02, 1.24173264209438E-01, 5.26146617131551E-02, 1.24173264209438E-01,-5.75894152025338E-01,-6.10593176700766E-01
 1.99250000000000E+09, 5.12569021975586E-01,-1.22304285320009E-01, 6.52154029607369E-02, 1.15702048147696E-01, 6.52154029607369E-02, 1.15702048147696E-01,-6.52507700165212E-01,-5.37996657561240E-01
 1.99500000000000E+09, 5.00751502276567E-01,-1.52944403255910E-01, 7.66372095520482E-02, 1.06462297119687E-01, 7.66372095520482E-02, 1.06462297119687E-01,-7.17067923235104E-01,-4.58430933778965E-01
 1.99750000000000E+09, 4.86067889713911E-01,-1.82708146181504E-01, 8.69688118356663E-02, 9.65601813510042E-02, 8.69688118356664E-02, 9.65601813510042E-02,-7.69692229207836E-01,-3.73491627795434E-01
 2.00000000000000E+09, 4.68527096228776E-01,-2.11350803853916E-01, 9.62890929351542E-02, 8.60591137385123E-02, 9.62890929351542E-02, 8.60591137385123E-02,-8.10568257043338E-01,-2.84521901550528E-01
